case_id,summary,side
1,case involve appeal special leave order high court patna affirm conviction appellant additional session judge arrah section 147 indian penal code ipc appellant along 13 others charge member unlawful assembly common object dispossess one chulhan tewari the complainant assault murder one nasiba ahir others prosecution allege appellant lead group arm gun lathi dispossess complainant piece land appellant fire three shot gun injure several individual include nasiba ahir later die hospital additional session judge find apparent title land dispute neither party could claim right private defense property judge also find appellant s party use gun complainant s party use lathis brickbat result injury side judge convict appellant section 304 part ii read section 149 sentence five year rigorous imprisonment judge also find appellant guilty rioting section 147 impose separate sentence offense 13 individual charge acquit due lack proper identification appellant s petition special leave appeal admit supreme court consider three ground 1 whether unlawful assembly 2 whether possession complainant establish 3 whether member appellant s party arm gun supreme court find sufficient evidence establish existence unlawful assembly however remanded case high court rehear high court apply seriously question possession crucial case supreme court hold clear finding possession necessary determine aggressor incident conclusion supreme court set aside conviction sentence appellant remand case high court rehear disposal accord law direction record definite find question possession,1
2,case involve appeal article 132 1 constitution judgment order bombay high court date 1st september 1950 criminal application no 807 1950 respondent detain preventive detention act iv 1950 ground promote act sabotage railway railway property great bombay respondent file habeas corpus petition contend government s aim lock active trade unionist ground detention vague mention specific allege sabotage high court order respondent s release find ground detention insufficient appellant attorney general appeal decision supreme court judgment deliver kania c j hold preventive detention order must base satisfaction central state government ground require exhaustive must connect manner object prevent court state court substitute decision government long ground rational human could consider connected object prevent,0
3,case involve appeal state west bengal judgment full bench high court judicature calcutta quash conviction respondent special court establish west bengal special court ordinance 1949 respondent 49 others charge various offence allegedly commit raid factory know jessop factory dum dum convict sentence special court respondent challenge jurisdiction special court argue enable provision case send trial unconstitutional violate equal protection law guarantee article 14 constitution high court full bench decision quash conviction direct new trial state west bengal appeal decision supreme court note west bengal special court act 1950 enact provide speedy trial certain offence section 5 act empower state government constitute special court respondent rely u supreme court decision truax v corrigan yick wo v hopkins argue act violate equal protection law however supreme court hold act violate article 14 applicable class person administer discriminatory manner court emphasize legislation aim prevent heinous crime must interpret manner common man understand appreciate ensure faith confidence legal system court conclude act violate constitution dismiss appeal upholding validity west bengal special court act 1950,1
4,ordinary accept meaning word decree meaning attribute word decree occur section 18 1 clearly cannot cover order possession pass section 43 presidency small cause court act application make section 41 act be however urged word decree section 18 1 act xvii 1950 read strict sense say although word suit ordinarily mean proceed institute plaint also use wide sense cover proceeding institute plaint and therefore adjudication proceeding also suit extend meaning may well say decree reference make explanation sub section 1 section 12 act xvii 1950 expressly provide proviso sub section 1 term suit include proceed chapter vii presidency small cause court act 1882 urged explanation inferentially mean word suit occur section act xvii 1950 may include proceed chapter vii presidency small cause court act and therefore order make proceeding may describe adjudication suit and therefore decree quite clear inference even properly draw bearing construction word decree sub section 1 section 18 act xvii 1960 word suit make mistake court must proceed footing legislature intend say even defect phraseology use legislature court cannot point crawford v spooner 1 aid legislature s defective phrasing act add amend or construction make deficiency leave act even casus omissus be say lord russell killowen hansraj gupta v official liquidator dehra dun mussoorie electric tramway co ltd 2 others court remedy defect view right give word decree mean ordinary accept mean bound say spite profound respect opinion learn judge decide them several case rely respondent correctly decide reference make in course argument section 6 west bengal act lxii 1950 section refers order decree make commencement act xvii 1950 act lxii 1950 i e 30th march 1950 30th november 1950 cannot application order possession make case 27th february 1950 reason state appeal must allow order make high court set aside respondent application section 18 1 act xvii 1950 dismiss order accordingly circumstance case make order cost except party bear cost throughout appeal allow,1
5,case involve four consolidated appeal judgment high court punjab regard income tax investigation proceeding appellant partner firm claim investigation extend beyond permissible period file petition article 226 227 constitution order pass due pending law change investigation challenge various ground include death partner addition new partner dissolution original firm appellant seek relief taxation income investigation commission act 1947 high court dismiss petition supreme court upheld high court s decision state jurisdiction article 226 discretionary remedy provide act exhaust first,0
6,petitioner student mahatma gandhi memorial medical college indore challenge institution s rule impose capitation fee student resident madhya bharat exempt resident argue rule violate article 14 15 1 constitution respondent state madhya bharat contend rule base residence place birth thus discriminatory supreme court hold rule modify 1952 violate article 15 1 base residence place birth however court find rule still discriminate petitioner base regional domicile reasonable ground classification court allow petition hold state could levy capitation fee petitioner base rule,1
7,appeal stem order discharge issue subordinate judge magistrate dhanbad section 494 code criminal procedure allow withdrawal public prosecutor prosecution mahesh desai one accuse murder case prosecution allege desai abet murder nand kumar chaubey riot public prosecutor seek withdrawal case desai cite lack evidence establish prima facie case magistrate grant withdrawal upheld session judge revision however chief justice high court set aside withdrawal direct magistrate record evidence determine prima facie case exist desai state challenge decision argue chief justice s view base erroneous understanding law,1
8,appellant maitland craig lubricant ltd h j leach file suit bombay high court damage conversion respondent suit base agreement leach respondent leach give exclusive right sell lubricant within certain territory respondent cancel agreement allege leach assign right first appellant without consent respondent refuse deliver good order behalf appellant cancellation trial court decree suit appellate court hold title good vest respondent endorse ship document favor appellant do appellate court allow appeal dismiss suit,0
9,m k nambiar g gopalakrishnan represent petitioner petition no 91 1957 argue work journalist act 1955 unconstitutional violates fundamental right article 19 1 a 19 1 g 14 32 constitution contend act restrict freedom speech expression impairs ability press function place unreasonable restraint freedom carry business,1
10,case involve validity scheme nationalization state transport service formulate state government consequential order make it court consider whether uttar pradesh transport service development act 1955 void art 254 1 constitution motor vehicle amendment act 1956 pass court also discuss adequacy compensation provide act,0
11,case involve writ petition file hospital mazdoor sabha trade union register industrial trade union act xiv 1926 two member mrs vatsala narayan mr ruth isaac state bombay respondent mrs narayan mr isaac employ ward servant j j group hospital service terminate two state servant discharge civil supply department appoint place respondent challenge termination service allege void comply mandatory provision section 25f 25h industrial dispute act 1947 the act file writ petition seek writ mandamus direct appellant reinstate post appellant state bombay contest petition several ground argue termination order void writ application misconceive j j group hospital constitute industry making relevant provision act inapplicable petition first hear tendolkar j dismiss it hold even relevant provision act applicable termination order void also hold question application section 25h arise matter take court appeal hold termination order comply mandatory provision section 25f therefore invalid court appeal also hold j j group hospital constitute industry within mean act allow writ petition issue writ mandamus appellant,1
12,petitioner convict various offence claim served sentence seek release argue remission earn serve 15 year state conceding remission contend could consider release complete 15 year actual imprisonment court note 1955 sentence transportation life could serve rigorous imprisonment life india however post 1955 convict would treat undergo rigorous imprisonment term remission earn would credit towards term unless sentence commute remit convict bound serve life imprisonment court hold petitioner s sentence fully remit appropriate authority acquire right release,0
13,appellant take assignment life insurance policy life mahajan deolal demand payment insurance company deolal s death company repudiate claim allege deolal make deliberate misstatement fraudulent suppression material information proposal form personal statement appellant file suit decreed trial court dismiss high court appellant appeal supreme court argue policy valid inception could invalidate assignment him court hold deolal guilty fraud appellant hold assignment policy could stand good foot deolal himself contract vitiate fraud appellant could claim benefit it court also hold appellant entitle refund money pay company appeal dismiss,0
14,appeal certificate grant high court calcutta art 134 1 c constitution india appellant file complaint allege murder respondent no 1 judicial inquiry sub divisional magistrate dismiss complaint without record reason high court set aside order dismissal direct inquiry supreme court hold absence reason magistrate s order prejudice complainant s right move revisional court make order nullity court allow appeal set aside high court s order direct legal impediment inquiry respondent,1
15,appeal certificate grant high court calcutta art 134 1 c constitution india appellant file complaint allege murder respondent no 1 judicial inquiry sub divisional magistrate dismiss complaint without record reason high court set aside order dismissal direct inquiry supreme court hold absence reason magistrate s order prejudice complainant s right move revisional court make order nullity court allow appeal set aside high court s order direct legal impediment inquiry respondent,1
16,appeal raise question whether appeal lie cl 10 letter patent high court lahore division bench punjab high court judgment pass single judge say high court second appeal s 39 delhi rent control act 1958 appellant south asia industry private ltd take lease property messrs allen berry co private ltd later assign them owner property file eviction appellant ground unauthorized assignment appeal dismiss rent control tribunal high court lead present appeal,0
17,case involve dispute regard interest partner partnership asset include movable immovable property s 17 1 registration act 1908 partnership two joint hindu family addanki family bhaskara family business hull rice decorticate groundnut plaintiff seek declaration suit property belong division same defendant member bhaskara family contend partnership dissolved 1936 therefore plaintiff cause action,0
18,appellant raghubans dubey challenge order summon accuse criminal case session judge contend magistrate jurisdiction summon sub divisional magistrate already dismiss protest petition matter session judge reject argument hold magistrate could summon person sufficient evidence appellant file criminal revision patna high court argue summon base petition complaint would result separate complaint case high court disagree hold case institute base police report order magistrate amount take cognizance offence high court also rule magistrate summon appellant ground consider sub divisional magistrate,0
19,petition civil appeal challenge order state madras regard selection candidate admission first year integrate m b b s course rule 5 rule provide reservation socially educationally backward class define specify group iii revise appendix 17 a madras educational rule petitioner argue selection process accordance university act rule frame thereunder high court dismiss petition upheld selection process supreme court partly allow petition strike rule 8 rule deal districtwise allocation court hold government entitle frame rule admission medical college control it subject rule university eligibility qualification selection current year stand rule 8 would enforce future selection,1
20,petition civil appeal challenge order state madras regard selection candidate admission first year integrate m b b s course rule 5 rule provide reservation socially educationally backward class define specify group iii revise appendix 17 a madras educational rule rule 8 provide districtwise allocation seat petitioner argue selection process accordance university act rule frame thereunder supreme court partly allow petition strike rule 8 rule deal districtwise allocation court hold government entitle frame rule admission medical college control it subject rule university eligibility qualification selection current year stand rule 8 would enforce future selection,1
21,case involve assessee s appeal high court patna s judgment dismiss writ petition art 226 227 indian constitution assessee partnership firm construction contract railways government assessment year 1960 61 ask income tax officer produce book account relevant paper enquiry assessee s total income assess subsequently income tax officer issue notice s 148 indian income tax act 1961 re assess income say assessment year assessee challenge validity notice various ground include non compliance requirement s 151 2 act supreme court find notice invalid comply requirement s 151 2 act state notice shall issue section 148 expiry four year end relevant assessment year unless commissioner satisfied reason record income tax officer fit case issue notice court hold income tax officer reason believe income escape assessment require s 147 act court set aside high court s order quashed impugn notice respondent order pay cost appellant supreme court high court,1
22,appellant professor medical college convict prevention corruption act ipc section involvement research project prosecution allege misappropriate fund obtain draft purchase distillation apparatus use intend purpose however court find appellant genuinely tried purchase apparatus face difficulty obtain it court note appellant s action irregular indicate criminal intent court also observe appellant may target due hostility dean medical college consequently court acquit appellant charge state innocent,1
23,appeal arose decision calcutta high court question law regard interpretation section 271 1 a i income tax act tribunal sought high court s opinion whether penalty determine base tax assess section 143 act amount payable section 156 revenue argue penalty base tax assess assessee interveners contend base amount payable section 156 high court consider language provision previous decision note different interpretation adopt various high court ultimately court hold expression the amount tax any payable him section 271 1 a i refer tax payable assessee tax assess court emphasize need interpret tax provision manner favor assessee two reasonable construction possible therefore appeal dismiss affirm interpretation penalty base tax payable assessee,0
24,case involve dispute inheritance right property leave lachman die 1948 leave behind three daughter appellant kale son one daughter musamat tikia u p tenancy act 1939 apply state unmarried daughter inherit property dispute arise regard inheritance one daughter musamat ram pyari marry 1955 appellant claim sole inheritance right marriage various legal proceeding compromise revenue authority direct attest mutation name accordance family arrangement party,1
25,appeal article 136 constitution file two appellant judgment bombay high court dismiss appeal judgment additional motor accident claim tribunal great bombay tribunal confirm award favor respondent direct tribunal decide liability insurance company limit liability rs 20 000 section 110e motor vehicle act 1939 case involve accident respondent dr balkrishna ramchandra nayan driving car hit truck own appellant cause injury nurse dr nayan claim rs 3 lakhs damage owner truck deny negligence refute claim tribunal find truck owner liable negligence upheld damage award dr nayan,0
26,case discuss evolution doctrine regard adjudgment whether statute offends fundamental right mention case a k gopalan v state madras r c cooper v union india highlight shift doctrine intend real effect doctrine object form state action alone determine extent protection may claim individual test apply since r c cooper s case determine direct inevitable consequence effect impugn state action fundamental right petitioner emphasize pith substance doctrine look object subject matter state action test validity state action reference fundamental right court must consider direct inevitable consequence state action,0
27,appellant file writ petition article 226 constitution india court judicial commissioner manipur challenge order chief commissioner manipur permit settlement part public road respondent allegedly prevent petitioner s free access public road adjoin land writ petition initially allow learned judicial commissioner later review dismiss successor appellant appeal argue judicial commissioner act without jurisdiction review order make predecessor judicial commissioner give two reason review appellant contend valid ground review,1
28,petitioner dr ramesh medical graduate madras university apply admission university delhi s postgraduate dermatology course deny admission due rule reserve 70 seat delhi graduate remain 30 open all include graduate university petitioner challenged rule violative article 14 16 constitution seek admission course university delhi justified reservation cite need counter similar practice university favor alumnus supreme court direct petitioner admit postgraduate degree course dermatology current year order university appoint time bound committee investigate justification quantum reservation postgraduate level consider equality opportunity every indian committee make recommendation university base reservation implementation modus operandi report consider admission next year court express concern tendency university act insulated island education emphasize need integrate unity equal opportunity high education prevent provincialism erode integrity india,1
29,case involve dr ramesh medical graduate madras university apply admission university delhi s postgraduate dermatology course despite qualify common entrance test deny admission due rule reserve 70 seat delhi graduate remain 30 open all include graduate university dr ramesh challenge rule violative article 14 16 constitution seek admission course university delhi justified reservation cite need counter similar practice university favor alumnus supreme court direct dr ramesh admit postgraduate degree course dermatology current year additionally court order university appoint time bound committee investigate justification quantum reservation postgraduate level consider equality opportunity every indian,1
30,landlord frustrate civil court ruling file frivolous criminal complaint tenant allege offense section 193 199 201 indian penal code ipc complaint pertain false statement make allotment proceeding rent control officer the premise question history legal dispute include pending suit sale chandrapal singh one tenant occupied part premise since 1972 the rent control officer act tribunal rule favor chandrapal singh allotment proceeding although dispute area vacate previous tenant the complainant advocate allege false statement affidavit file allotment proceeding however court note mere rejection evidence automatically make false the court quash proceeding initiate chief judicial magistrate hold insufficient evidence support charge section 193 199 201 ipc complainant s action deem abuse legal system,1
31,case involve lifer prisoner sentence life imprisonment seek consideration premature release punjab jail manual counsel lifer argue eligible release serve specific period sentence per manual contend executive instruction issue state government override manual s provision state argue manual s provision executive instruction could amend subsequent instruction rely instruction issue 1971 1976 require long period imprisonment consideration release court examine history manual note provision base executive instruction government india find manual s provision statutory rule could amend fresh executive instruction ultimately court reject lifer contention state bound 1971 1976 instruction however rule favor two specific petitioner already serve required period consideration 1971 instruction,0
32,appeal involve point law regard interpretation term wilful default tamil nadu building lease rent control act 1960 court hear argument party review several authority case involve different situation tenant accuse wilful default rent payment lead eviction lawsuit court examine fact case relevant provision act question act vary treatment wilful default explicitly mention others not tamil nadu act include explanation clarify criterion determine wilful default court consider impact explanation proviso discuss purpose interpretation explanation statutory provision court also discuss general provision rent act different state handle default eviction procedure overall court analyze legal principle statutory provision determine outcome appeal,0
33,civil appeal no 1722 1986 involved dispute arise allotment election symbol panchayat union election hold tamil nadu appellant s t muthusami respondent no 6 k natarajan claim official candidate indian national congress i party return officer initially allot different symbol later issue errata notification assign symbol hand appellant respondent no 1 also contest election challenge decision writ petition madras high court,1
34,shamimbanu 19 20 year old girl rap respondent chandraprakash kewalchand jain sub inspector police 22nd august 1981 shamimbanu husband mohmad shafi elope married stay lodge nagpur incident occur respondent accompany constable take police station middle night separate couple respondent take shamimbanu room police station flirt her slap her demand sexual favor later take hotel room rap twice threaten complain upon return police station mohmad shafi inform police rape lead investigation charge sheet respondent trial respondent deny accusation claim place mohmad shafi lock up due family issue however trial court find respondent guilty base evidence present high court appeal acquit respondent cite lack corroboration shamimbanu s testimony discrepancy statement,1
35,assessee case civil construction company engage various project include dams irrigation project water supply plant etc india overseas company execute several contract include dam irrigation project libya fibre board factory iraq karkh water supply project baghdad among others company obtain approval central board direct tax cbdt section 80 o income tax act contract entitle certain deduction however assessment year 1983 84 income tax department dispute deduction claim assessee inspect assistant commissioner iac deny deduction section 80 o state contract fell section 80 hhb even section condition exemption meet appeal commissioner income tax appeal partially upheld iac s decision allow assessee opportunity present claim section 80 hhb income tax appellate tribunal itat also support cit s decision however appeal process cbdt issue letter modify early approval extend beyond initial assessment year itat refer matter high court conclude receipt contract qualify deduction section 80 o instead cover section 80 hhb,0
36,case involve appeal kerala state road transport corporation appellant judgment high court kerala m f a no 661 1986 appeal concern fatal accident action result motor accident involve bus own appellant accident occur february 19 1984 plamood junction pullad thiruvalla kothancherry state kerala result death thomas philip age 38 motor accident claim tribunal initially award compensation r 58 760 claimant parent widow child decease however high court kerala enhance compensation r 2 64 000 take account various factor loss dependency special damage funeral expense journey hospital treatment expense loss future earnings etc appellant appeal supreme court argue compensation award excessive line establish principle appellant contend loss dependency could exceed certain amount base deceased s income total compensation award high court unjustified,1
37,hetal parekh 18 year old school go girl rap murder appellant security guard building crime occur find guilty rape murder base witness testimony recovery steal item house abscond crime prosecution s evidence conclusively connect appellant crime court uphold appellant s conviction section 302 murder 376 rape 380 theft indian penal code,1
38,case involve accident may 20 1980 appellant r d hattangadi meet accident travel ambassador car karwar mangalore road accident result death car driver serious injury hattangadi leave paralyze waist car own m s pest control india pvt ltd motor lorry involve accident own madhav bolar vehicle insure hattangadi file claim petition seek compensation injury accident claim tribunal award compensation hattangadi hold driver vehicle negligent tribunal direct car insurer pay compensation however appeal high court modify compensation amount reduce significantly hattangadi appealed supreme court seek enhancement compensation award tribunal,1
39,statement discuss case prosecutrix testify raped court analyze evidence present court find prosecutrix reliable witness discrepancy testimony medical evidence include examination lady doctor presence semen slide corroborates prosecutrix s account court dismiss trial court s conclusion prosecutrix habituate sexual intercourse base medical evidence find irresponsible court also refute trial court s belief case fabricate enmity point inconsistency accuse s claim lack evidence support enmity family involve court emphasize seriousness false accusation rape implausibility prosecutrix family jeopardize reputation petty reason overall court find accuse guilty base corroborated testimony prosecutrix dismiss trial court s faulty conclusion,1
40,assessee muslim lady age 20 year relevant assessment year purchase land ernakulam 1967 1968 income tax officer reject explanation source fund make addition income shri ranbir chandra represent revenue argue section 69 interpret mandatorily treat investment value income explanation reject,0
41,case involve employee refer the respondent accuse sexual harassment attempt molestation female subordinate employee miss x organization hold superior position allegation respondent substantiate internal inquiry process subsequently remove service disciplinary authority respondent challenge removal service high court argue punishment disproportionate allege offense high court acknowledge occurrence inappropriate behavior respondent take lenient view direct reinstatement service without back wage however decision high court appeal division bench upheld disciplinary action take respondent reinstate punishment removal service division bench emphasize seriousness offense sexual harassment workplace need maintain safe respectful work environment especially female employee,1
42,respondent superior officer organization find guilty molest attempt physically assault miss x subordinate employee despite protest respondent pressure miss x accompany hotel dictation make unwelcome sexual advance departmental authority consider evidence remove respondent service due action deem subversive good discipline create hostile work environment miss x female employee,1
43,case involve motor accident jeep overturn due burst front tire result death pedestrian name haji mohammad hanif widow child decease file claim petition motor accident claim tribunal seek compensation however tribunal high court dismiss claim state negligence rashness part jeep driver appellant appeal supreme court argue owner jeep hold liable compensation principle strict liability propound rylands v fletcher supreme court consider relevant provision motor vehicle act precedent hold even negligence part driver owner compensation still claim accident involve motor vehicle court also discuss applicability rule rylands v fletcher motor accident case court conclude claimant entitle compensation fix amount base structured formula provide motor vehicle act additionally court direct insurance company pay compensation amount along simple interest,1
44,case petitioner resident delhi challenge order detention issue tamil nadu prevention dangerous activity bootlegger drug offender forest offender gonndas immoral traffic offender slum grabber act 1982 tamil nadu act 14 1982 petitioner detain base solitary instance robbery petitioner argue solitary instance mention ground detention sufficient magnitude disturb public order detention violate fundamental right article 21 22 5 constitution india state represent commissioner police contend petitioner involve multiple case theft robbery detention necessary prevent engage similar activity future would disturb public order,1
45,case involve two criminal appeal challenge order make high court judicature patna grant bail respondent session trial no 976 1999 pending cbi court respondent charge offenses various section indian penal code ipc arm act respondent file multiple bail application either reject high court overturn supreme court earlier appeal despite this respondent file ninth bail application grant high court ground prolonged incarceration delay trial proceeding appellant argue high court ignore previous finding supreme court fail consider seriousness charge respondent s behavior previous period bail contend grant bail unwarranted respondent s counsel argue right liberty fundamental successive bail application permissible assert high court properly consider evidence conclude prima facie case respondent supreme court examine whether previous bail application address existence prima facie case respondent evidentiary value retract confession find high court s decision adequately consider issue lead grant bail base improper ground,0
46,case revolve around death bhimabai allegedly subject harassment husband mother in law the accuse dowry bhimabai s father testify complained ill treatment demand money parental home day death bhimabai find dead froth come mouth indicate poison post mortem examination confirm insecticide poisoning cause death prosecution charge accuse section 498 a 304 b 306 indian penal code ipc trial court acquit charge section 498 a 306 convict section 304 b lead sentence 7 year rigorous imprisonment high court uphold conviction however supreme court examine evidence conclude essential element dowry demand define dowry prohibition act establish alleged demand money domestic expense manure directly link marriage consequently conviction section 304 b ipc set aside appellant acquit,1
47,case dispute arose appellant r g bhat regard business dealing result power attorney grant appellant r g bhat cancel subsequently cheque issue appellant dishonor leading legal dispute complainant brother in law r g bhat alleged appellant commit offense section 138 negotiable instrument act issue bounce cheque trial court well appellate court find appellant guilty base presumption section 139 act state issuance bounce cheque creates mandatory presumption issuer court primarily rely complainant s evidence appellant s failure present rebuttal however high court revisional jurisdiction hold presumption section 139 extends issuance cheque consideration presume existence debt high court find appellant failed discharge initial burden proof also criticize low court properly consider appellant s defense overall factual circumstance case,1
48,union india file appeal order high court judicature allahabad suspend sentence grant bail respondent convict section 8 27a 8 29 narcotic drug psychotropic substance act 1985 ndps act trial court find respondent guilty financing trading heroin despite conviction high court grant bail respondent union india argue high court err grant bail without consider mandatory provision section 37 ndps act section impose restriction condition grant bail case ndps act respondent contend high court s order interfere with discretionary within court s jurisdiction supreme court observe high court overlook requirement section 37 ndps act grant bail section 37 lay specific condition grant bail ndps case include give opportunity public prosecutor oppose release ensure reasonable ground believe accuse guilty commit offense bail court hold circumstance cite high court grant bail sufficient satisfy mandatory requirement section 37 therefore high court s order unsustainable,1
49,case main issue revolve around interpretation section 147 income tax act 1961 specifically concern concept change opinion question hand whether concept change opinion remain relevant amendment section 147 direct tax law amendment act 1987 prior 1987 amendment section 147 allow reassessment base specific condition however post amendment one condition remain assessing officer reason believe income escape assessment change widen power assess officer reopen assessment court emphasize importance interpret term reason believe manner prevents arbitrary use power assess officer state concept change opinion act check abuse power treat inherent test court also highlight distinction power review power reassess note assess officer authority review assessment reassess base certain precondition judgment discuss legislative history reason behind reintroduction expression reason believe removal term opinion section 147 ultimately court dismiss civil appeal file department affirm merit argument case dismiss order cost,0
50,petitioner company manufacture cigarette avail partial excise duty exemption various notification withdrawal notification 284 82 c e issue central government withdrawal notification rescind exemption effective november 30 1982 however petitioner claim withdrawal notification make available public december 8 1982 petitioner contest withdrawal effective date make know public government argue notification s print official gazette sufficient take effect court examine legal precedent conclude notification effective must make know public withdrawal notification available public december 8 1982 could consider effective date therefore duty collect december 8 1982 deem illegal petitioner entitle refund,1
51,plaintiff file suit recover one sixth land defendant allege exchange land 1861 plaintiff claim jointly enjoy land defendant share produce recent dispute arise defendant admitted exchange argue plaintiff relinquish share 1877 enter agreement convey specify amount subordinate judge find favor plaintiff order apportionment land award share produce however district judge appeal rule certain document present plaintiff inadmissible evidence high court uphold district judge s decision regard admissibility document modify decree award specific land plaintiff dismiss claim profit certain year cost award proportionally party base decree modification,1
52,dispute arise muslim apply build mosque sevvaipett object hindus fearing disturbance procession near mosque site collector sanction mosque s construction condition regard procession passage music cessation hindu protest file suit contest order s legality right conduct procession music past mosque munsif s court initially decree favor hindu reverse district court later restore qualification high court second appeal session judge criticize high court s decision advocate adherence customary law,1
53,case involve dispute maintainability suit bring decree holder son original debtor suit contest order allow sale ancestral property satisfy debt incur father defendant argue since previous suit result decree father brother current suit maintainable however court disagree state previous suit address specific issue selling interest family member ancestral property therefore decree holder right contest order regular suit additionally find debt immoral purpose make son interest liable sale unless redeem unsold property court cite rule high court calcutta support conclusion,1
54,case involve dispute property ownership plaintiff widow defendant claim legitimate son decease property owner plaintiff seek declaratory decree assert title property evidence present regard possession dispute land conflict party present argument document support claim plaintiff argue that widow entitle succeed property unless defendant establish preferential heir defendant claim legitimacy base custom within caste family allegedly legitimize child bear wedlock certain circumstance however evidence custom deem insufficient court,1
55,case involve dispute adoption venkataramayya appa rao son raja papamma rao stepmother 1st defendant plaintiff venkatadri appa rao contest validity adoption claim rightful heir zamindari nidadavole dispute center whether venkataramayya s stepmother authority make adoption whether venkataramayya eligible adoption various argument present regard interpretation hindu law text precedent,0
56,case involve dispute probate purportedly leave ponniya muthu nadathi pass away june 1891 appellant father apply probate respondent husband contest authenticity will initial probate application dismiss due lack instruction appellant s lawyer subsequently appellant make second probate application dismiss district court ground petition set aside previous order file first appellant sought set aside order dismiss original probate application also reject court,1
57,case involve dispute distribution certain property outline schedule a plaintiff previously accept monetary settlement share property defendant argue settlement upheld plaintiff entitle claim share specific item list schedule a additionally dispute ownership moveable asset the court uphold defendant s argument regard plaintiff s acceptance monetary settlement share property result plaintiff s claim certain item list schedule disallow court confirm decision subordinate judge aspect case appellant defendant award cost appeal award cost low court remain unchanged,0
58,appellant object delivery certain parcel land execution decree division land hold common party low court dismiss application bar limitation however appellant minor time right apply accrue argue application timely section 7 limitation act respondent cite full bench decision argue this appellant contend section 7 applied application period limitation prescribe,1
59,appeal article 15 letter patent order mr justice boddam refuse stay execution appellant seek challenge order preliminary objection raise appeal lie order constitute judgment within mean article 5 letter patent appellant argue order consider decree section 244 civil procedure code thus make appealable the court uphold preliminary objection rule order refuse stay execution affect merit question party determine right liability dispute therefore qualify judgment letter patent appeal dismiss cost award appellant,0
60,appeal arose suit bring foreign judgment obtain court pondicherry base promissory note execute appellant favor respondent appellant contest suit ground district court lack jurisdiction suit maintainable appellant time bring main argument appellant declare insolvent pondicherry therefore suit could bring outside french territory insolvency adjudication remain force the court rule favor appellant find district court lack jurisdiction appellant suit maintainable due insolvency status french territory decree low court reverse suit dismiss cost award appellant throughout,1
61,issue revolve around admissibility document contain personal covenant pay purport mortgage fulfilling requirement registration attestation relevant law first question whether document could admit evidence contract pay despite lack registration affirm second question concern admissibility due lack attestation diverge view different court ultimately court conclude section 68 indian evidence act apply document lack attestation affirm admissibility document,1
62,appellant convict various offense indian penal code ipc relate assault injure victim incident stem verbal altercation volleyball match victim suffer severe injury include sever limbs appellant challenge conviction multiple level appeal unsuccessful however appellant later seek compound offense base mutual resolution victim consider this supreme court reduce sentence period already serve leading release,1
63,anil mahto jatu mahto die injury land dispute assault appellant mihir prabhat gope son manohar gope convict various ipc offense include murder prosecution s case implicate member gope family assault lead death anil jatu despite discrepancy witness testimony trial court high court uphold conviction however supreme court acquit appellant murder charge convict section 324 ipc cause hurt weapon,1
64,appellant accuse fire complainant country make pistol outside house however discrepancies emerge witness statement regard sequence event include presence complainant s mother incident moreover contradiction note testimony witness regard seizure motorcycle allegedly use crime appellant deny charge provide alibi state elsewhere time incident high court note lack corroborate evidence inconsistency prosecution s case acquit appellant,1
65,prosecution allege appellant associate find hiding village surround police confrontation appellant surrender along associate firearm recover convict trial court section 307 34 ipc read section 3 25 1b a section 27 34 arm act high court uphold conviction lead appeal however discrepancy arise witness testimony regard appellant s involvement fire police independent witness support prosecution s case doubt raise regard arrest seizure procedures supreme court ultimately acquit appellant charge section 307 34 ipc section 27 arm act find insufficient evidence prove guilt beyond reasonable doubt,1
66,two fir register regard violent incident involve complainant seek return money subsequent retaliatory attack result casualty accusation arm confrontation indiscriminate firing make party involve accused seek bail grant high court prompt complainant appeal supreme court set aside bail order cancel bail bond order accuse take custody additionally appeal related anticipatory bail dismiss interim order dissolve appellant give option surrender apply regular bail leave consideration trial court high court,0
67,appellant convict brutal rape murder seven year old girl whose body recover instance despite defense s contention circumstantial evidence overwhelmingly implicated appellant include last sighting victim failure explain whereabouts convincingly trial court high court uphold conviction conclude evidence meet standard set precedent like sharad birdhichand sarda supreme court reject appeal conviction commute death sentence life imprisonment minimum term 30 year consider factor absence criminal antecedent possibility reformation,0
68,court direct appellant perform certain action include visit complainant s house rakhi thread sweet money without influence pending trial appellant s submission regard inappropriate bail condition judicial remark case sexual offense lead court issue directive safeguard complainant prevent stereotypical patriarchal notion influence bail decision court emphasize need sensitivity gender sensitization judicial proceeding mandate train program judge legal professional issue,1
69,appellant file fir several respondent various offense include murder session court deny bail respondent consider evidence witness statement however high court grant bail respondent base incorrect fact state name fir witness statement record belatedly appellant challenge decision argue high court err assessment fact supreme court agree appellant quash high court s bail order direct respondent surrender trial court instruct proceed trial base evidence present side,1
70,appellant decease involve scuffle allegedly trigger theft pigeon belong appellant altercation co accuse struck decease rod result death high court find incident sudden fight arise quarrel premeditate act appellant decease consume alcohol prior altercation high court modify appellant s conviction section 302 ipc section 304 part i ipc consider culpable homicide amount murder appellant sentence 12 year rigorous imprisonment fin rs 10 000 offense section 304 part i ipc appellant s conviction section 201 ipc correspond sentence upheld,1
71,appellant victim road accident cause rash negligent driving lorry insured second respondent appeal compensation award disability sustain accident tribunal find accident due lorry driver s negligence determine appellant s disability 33 however also find appellant contribute 50 negligence due influence alcohol tribunal award compensation base monthly income rs 6 000 multiplier 17 total r 4 37 920 high court set aside tribunal s calculation loss earn attendant charge award high amount base supreme court precedent appellant direct pay requisite court fee within two week fail tribunal would deduct compensation award insurance company direct deposit modify award amount within six week tribunal would transfer sum appellant s account,1
72,appellant represent legal heir decease k murugan file claim petition seek compensation death accident tribunal re quantify compensation r 10 00 000 enhance r 3 50 000 2nd respondent direct pay enhance amount r 6 50 000 7 5 interest per annum within six week appellant instructed pay deficit court fee enhance amount since 1st appellant decease pass away appeal 2nd 4th appellant entitle succeed estate withdraw share compensation appeal allow cost,1
73,claimant file claim petition seek compensation injury sustain accident involve bolero jeep insurance company argue accident occur due negligence truck driver tribunal find claimant owner vehicle employee company also analyze insurance policy term conclude additional premium require cover liability employee court direct irda clarify certain query regard insurance coverage regard compensation quantum claimant argue high monthly income support pay certificate tax return court direct tribunal transfer award amount claimant s bank account dismiss claimant s appeal allow insurance company s appeal,0
74,writ petitioner son decease government employee seek compassionate appointment nine year father s death due family s financial difficulty petitioner argued delay due ban appointment however court hold delay substantial justified emphasize compassionate appointment exception cannot claim legal right court also highlight concern equal opportunity public employment potential negative impact expand compassionate appointment scheme merit base selection process ultimately court dismiss writ petition affirm decision authority key point petitioner seek compassionate appointment nine year father s death court reject argument ban appointment justified delay compassionate appointment consider exception legal right court express concern equal opportunity merit base selection process court dismiss writ petition affirm decision authority,0
75,case petitioner file return income assessment year ay 2012 13 follow revise return intimation issue section 143 1 income tax act deny foreign tax credit claim petitioner subsequently notice section 143 2 issued assessment proceeding culminate order section 143 3 petitioner inform assess authority amalgamation asianet communication private limited acpl vijay television private limit vtpl result formation asianet star communication private limited ascpl petitioner also change business address duly intimated respondent despite notification notice section 148 issue name acpl address entity exist petitioner follow procedure outline gkn driveshaft case submit revise return seek reason reassessment jurisdiction petitioner reiterate merger name change ascpl reason reassessment include claim depreciation computer allege excess relief tax credit section 90 91 act petitioner object assumption jurisdiction argue new tangible material warrant reassessment petitioner also contest categorization computer depreciation purpose state computer classified machinery plant depreciation 60,1
76,issue cit a acknowledge explanation 5a section u s 271 1 c income tax act applies assessee additional income rs 1 58 98 570 disclose return income file post search declare original return income tribunal decision tribunal allow revenue s appeal restore penalty two ground allege non disclosure income voluntary surrender income tribunal also restore penalty disallowance rs 13 000 section 40 a ia act judicial direction decide ao compute penalty consider situation return file 30 11 2006 allow credit advance tax,0
77,respondent file two suit appellant c s no 831 2005 c s no 833 2005 suit seek permanent injunction appellant prevent alienate encumber certain property third party suit arise agreement sale date 27 07 2005 party appellant cite notice central excise department claim inability proceed sale transaction lead respondent file suit injunction court consider whether suit reject order vii rule 11 civil procedure code cpc due property outside court s territorial jurisdiction court also address application amendment plaint exclusion certain period compute limitation ultimately court set aside previous order allow appeal find suit fell classification suit land thus court lack territorial jurisdiction,1
78,appellant act legal representative decease k murugan file claim petition seek enhanced compensation death accident court re quantify compensation r 10 00 000 directed second respondent pay enhance amount r 6 50 000 along interest additionally appellant direct pay deficit court fee enhance compensation amount within two week since first appellant decease pass away appeal process second fourth appellant entitle succeed estate equally withdraw respective share court allow appeal cost impose,1
79,accident occur 06 08 2009 pidagam bridge result death one person injury two others travel tata indica car claim petition file tribunal adjudicate base evidence provide insurance company argue since policy act policy coverage passenger rely precedent case court set aside high court s order restore motor accident claim tribunal s m a c t decision emphasize compensation seek vehicle owner insurance company civil miscellaneous appeal allow permit claimant execute compensation award vehicle owner insurance company allow withdraw deposited amount accrue interest cost impose,0
80,accuse accuse beat daughter dangerous weapon rap multiple time last incident occur 30 08 2013 charge frame various section indian penal code ipc juvenile justice act prosecution present 12 witness 16 document evidence include forensic report accuse plead guilty denied allegation question section 313 code criminal procedure trial court find guilty sentenced life imprisonment section 376 2 f ipc however appeal sentence modify 20 year rigorous imprisonment,1
81,petitioner sole accuse crime no 667 2023 muzhakkunnu police station kannur district allege commission offence section 366a 376 354 354b indian penal code section 4 3 b 9 l 10 protection child sexual offence act 2012 allegation petitioner petitioner get acquaint minor victim age 17 social medium take various place sexually abuse her month march 2023 allege petitioner take deserted place commit aggravate sexual assault minor victim,0
82,petitioner accuse no 2 case arise crime no 392 2021 kanjirappally police station grant statutory bail prosecution fail file final report within statutory period one condition bail petitioner get involve similar offense bail period however petitioner later arrest another case crime no 521 2022 involve possession ganja,0
83,first accuse find travel private bus allegedly possession mdma police arrest base information receive registered case ndps act first accuse implicated fourth respondent state procure contraband together bangalore help others session judge grant bail fourth respondent prosecution challenge decision,0
84,petitioner first accuse case involve transportation ganja remand judicial custody 24 11 2022 180th day date initial remand application file public prosecutor seek extension detention three month however accuse present application consider session judge high court hold absence accuse consideration application detention beyond 180 day illegal go law lay supreme court consequently order extend detention period deem illegal petitioner grant default bail,1
85,petitioner 24th accuse case involve transportation large quantity heroin seize coast guard allege facilitate transportation subsequently arrest prosecution present evidence suggest petitioner s involvement include phone record statement bank employee despite argument bail court find release petitioner would interest society due seriousness charge potential harm associate drug traffic result bail application dismiss,0
86,case revolve around legality notification issue food safety standard act particularly concern ban sale certain product like pan masala gutka appellant argue ban unreasonable violate fundamental right article 14 19 constitution court examine whether impugned notification exceed authority grant act whether consistent constitutional principle key point court reject argument pan masala gutka qualify food act highlight paradoxical consequence allow local authority impose ban food item could lead inconsistent regulation across different area court emphasize power food health authority limit temporary meant broad indefinite ban food item notification deem ultra vires act unconstitutional violating appellant right article 14 19 constitution,1
87,case involve prosecution m s pepsico india holding pvt ltd director sell pepsi trace pesticide residue detect public analyst prosecution initiate base complaint file food inspector purchasing contaminate pepsi bottle public analyst s report confirm presence carbofuran pesticide residue pepsi sample render adulterate relevant law chief judicial magistrate take cognizance offence issue process appellant appellant file petition kerala high court section 482 cr p c seek quash magistrate s order however high court dismiss petition prompt appellant appeal decision supreme court consider nomination somesh dahale person responsible company s business conduct court conclude appeal allow base dahale s nomination set aside high court s judgment thereby quash prosecution appellant,1
88,case involve allegation cruelty harassment demand dowry appellant sister brother complainant s husband complainant file fir them allege various instance mistreatment abuse matrimonial home complainant allege face mistreatment harassment financial exploitation husband in law include appellant appellant file petition section 482 cr p c quash chargesheet proceeding cite mala fide intention lack territorial jurisdiction investigation high court dismiss petition prompt appeal supreme court appellant argue fir lack prima facie evidence involvement casually include supreme court observe fir disclose material constitute offense appellant involvement appear casual inclusion consider lack prima facie evidence appellant supreme court quash proceeding initiate them supreme court overrule high court s order allow appeal thereby set aside criminal proceeding appellant,1
89,case regard custody minor child supreme court address habeas corpus petition file father direct child return usa court note petition heard another related writ petition pending regard jurisdiction issue however court decide merge two petition could address separately court consider welfare child observe harm anticipate return jurisdiction court usa emphasize maintain child s comfort happiness facilitate contact parent even one parent custody india court highlight direction give superior court arizona usa regard share parenting time access parent conclude even current petition allow arrangement make superior court would ensure child s well be access parent legal proceeding court issue specific direction respondent return child jurisdiction superior court arizona within specified time frame include arrangement travel accommodation expense also emphasize cooperation party swift disposal legal proceeding child s welfare,1
90,case concern allege bribery member parliament mps connection no confidence motion issue parliamentary privilege immunity prosecution article 105 2 194 2 constitution examine justice sp bharucha chief justice hold alleged bribe taker cast vote motion enjoy immunity abstain vote allege bribe giver not court emphasize parliament could proceed alleged bribe taker bribe giver breach parliamentary privilege contempt,1
91,appellant municipal corporation impose collect tax assessee base capital value assessment fiscal year 1998 1999 upon discover assessee operate commercial establishment within premise property later declare enemy property vested custodian enemy property india assessment order contest assessee tenant ultimately dismiss appellant later issue notice demand payment assessee matter bring court determine liability assessee pay property tax local tax municipal corporation,1
92,appellant owner immovable property enter agreement builder redevelopment complainant enter agreement builder purchase floor propose building hand possession file complaint lead criminal case appellant builder broker appellant seek anticipatory bail initially grant later withdraw court high court impose condition deposit certain amount condition grant bail appellant challenge supreme court,1
93,appellant charge cause injury complainant pelt stone result loss sight one eye complete investigation trial court frame charge appellant section 336 rpc prosecution present evidence include testimony medical officer treat complainant court find circumstance warrant imposition defer sentence grant appellant release probation good conduct section 562 crpc section 4 act 1966 appellant require enter bond provide sureties maintain peace good behavior two year additionally appellant directed report station house officer sho monthly deposit compensation rs 50 000 trial court complainant within two month,1
94,incident occur student horticulture college educational tour political unrest lead procession aiadmk party worker result damage burning bus carry student tragically three student lose life fire others sustain injury conflict version event present trial create doubt prosecution s case trial court convict 28 individual sentence two death others vary prison term appeal high court modify conviction reduce sentence defendant however death sentence three defendant confirm due deliberate plan nature crime qualify rare rare case,0
95,indian oil corporation ioc enter contract nepc india ltd sister company skyline nepc limit supply aviation turbine fuel aviation lubricant dispute arose nepc india ltd fail make payment accord agree schedule lead ioc stop supply aircraft fuel subsequent attempt resume supply revise payment term also fail ioc file complaint nepc india ltd director section 415 425 indian penal code allege unauthorized removal engine part two hypothecate aircraft defendant move quash complaint argue basic ingredient criminal breach trust entrustment miss high court accept argument quash complaint entirety,0
96,petitioner pose senior journalist allegedly deceive informant run real estate business believing could use connections government official expedite approval informant s project petitioner purportedly receive large sum money informant promise facilitate necessary clearance however petitioner fail deliver promise even provide forged approval document upon discover deception informant file fir petitioner,1
97,bail application b a question relate two crime register ernakulam town south police station crime no 2968 2023 accused individual include sandeep allegedly offer job visa banner space international complainant fee promising employment opportunity uk accuse purportedly obtain r 14 lakh multiple complainant total r 56 lakh account 3rd accuse similar allegation make crime no 2685 2023 one complainant accuse individual obtain rs 14 lakhs similar promise case allege offense section 406 420 465 468 471 ipc,1
98,case involve arrest several individual include appellant mohd muslim allegedly possession 180 kilogram ganja prosecution allege appellant co accuse involved purchase distribute ganja charge frame section 20 25 29 ndps act section 120b ipc bail application subsequently file district court reject appellant s bail application cite gravity offense allege severity punishment appellant s allege role crime however high court upon review emphasize need reasonable interpretation section 37 ndps act set condition grant bail case note literal interpretation would effectively deny bail altogether lead punitive unsanctioned preventive detention high court clarify court s satisfaction regard accuse s guilt prima facie base broad consideration material record without require meticulous examination investigation material also highlight applicability section 436a deal undue delay trial,1
99,chitra ramakrishna applicant accuse involved case relate allege wrongdoing national stock exchange nse include misuse server architecture pass confidential information illegal appointment anand subramanian investigation also look allegation preferential access grant certain broker dissemination trade data case involve multiple charge various section ipc pc act act chitra ramakrishna grant bail court consider allegation role organization progress investigation,1
100,applicant appoint various position within respondent no 2 cbi case file them allege secure employment base forge nomination letter purportedly issue staff selection commission ssc despite reply show cause notice provide request information applicant service terminate without proper inquiry similar order termination issue official leading legal challenge applicant file original application oas seek reinstatement benefit similar reinstate employee eventually tribunal rule favor applicant quash termination order direct reinstatement notional benefit,0
101,case revolve around village ravicherla grant ancestor plaintiffs government sanad issue 1843 grant contain clause restrict right alienation state transfer village would valid without prior consent government plaintiff seek consent sale property refuse government plaintiff file suit secretary state argue restrictive clause alienation void,0
102,case involve firm piece good merchant keep account mercantile system accounting first year report trading loss base market value remain stock end year however subsequent year attempt revert purchase price stock open value lead claimed loss income tax authority contest this argue open value remain consistent previous year s market value dispute revolve around whether firm adjust report loss year base fluctuate market value,0
103,case involve suit muslim co sharer seek recovery share father s property sibling plaintiff minor right sue initially deny contest far main point contention whether plaintiff entitle mesne profit immovable property whether entitle interest share asset father s partnership court dismiss argument regard mesne profit due lack discussion issue lower court regard interest court find interest act apply amount dispute debt certain sum payable certain time instead court rely principle equity precedent award interest however court reduce interest rate 8 6 throughout period,1
104,case involve appeal arise suit set aside order pass plaintiff attach property execution decree obtain 2nd defendant dispute center around whether document ex i record dedication land temple appointment dharmakartha trustee require registration district munsif initially rule favor temple subordinate judge reverse decision state ex require registration title pas temple however appellant argues ex require registration constitutes religious trust transfer property directly court analyze ex concludes require registration trust act transfer property act additionally court emphasize dedication deity necessarily require registered instrument since proof fraud district munsif find bona fide gift dispute court allow appeal reverse subordinate judge s decision restore district munsif cost,1
105,suit partition title c s no 762 1926 concern p m a firm two application make first application rely order 31 rule 5 original side rule seek relief worshipper temple allege trust fund possession family however since notice give person claim family require rule application dismiss second application base order 1 rule 10 2 code civil procedure request leave add applicant party suit applicant assert alleged trust fund substantial liability family presence necessary complete adjudication suit court agree note allege trust fund exist would affect determination family s debt liability cite precedent court s discretionary power rule judge order addition applicant party defendant direct proceeding amend accordingly cost award applicant,0
106,plaintiff kothandarama ayyar sue recover half share debt promissory note execute defendant 1 2 favor decease brother defendant 3 widow decease also involve dispute arose partition family property agreement make thereafter defendant 1 raise objection regard suit s maintainability due insolvency proceeding nature debt,1
107,case involve john mciver try criminal breach trust two point law reserve decision whether plea autrefois acquit valid whether legal entrustment property allege crown plea raise earlier acquittal cheat high court s order leave open trial judge reserve point clause 25 letter patent despite objection,0
108,case revolve around question whether certain property hold trust deity archakas temple priest possess beneficial interest them section 69 70 madras hindu religious endowment act income temple determines contribution must make make crucial ascertain whether specific property belong institution dispute arise archakas argue property give ancestor subject perform certain service annexed office archaka board contend property dedicate absolutely deity absence original grant deed complicate matter dual liability archakas supply material perform service,1
109,appeal arise suit file predecessor in title respondent 1 5 seek declaration full ownership certain property set aside order dismiss claim petition property belong joint hindu family plaintiff claim ownership base contract sale allegedly enter family member plaintiff assert pay substantial amount consideration eventually obtain sale deed execute official receiver context insolvency proceeding family member appellant contest defendant dispute existence contract bind nature sale deed certain family member also raise question interest family member right property low court rule favor plaintiff lead appeal,0
110,case involve two connect appeal one appeal order dismiss appellant s application restore petition set aside sale dismiss default appeal order dismiss petition set aside sale itself appellant adjudicate insolvent make application set aside sale various ground application dismiss default subsequent application restore also dismiss first appeal regard restoration petition deem incompetent base legal precedent second appeal challenge dismissal application set aside sale main contention whether appellant adjudicate insolvent right apply set aside sale order 21 rule 90 civil procedure code legal precedent establish insolvency judgment debtor per se render application incompetent furthermore argue appellant unable attend hearing due illness court err refuse adjournment appellate court find favor appellant ground,1
111,second appeal originate suit regard enforcement mortgage deed execute first defendant favor ananthu ammal later assign fourth defendant assign right plaintiff fifth defendant subsequent mortgagee claim priority sum pay towards renewal fee original kanom trial court appellate court dismiss fifth defendant s claim however finding reveal fifth defendant also mortgagee previous mortgage deed fifth defendant pay sum towards renewal fee kanom question arise whether payment entitle fifth defendant priority plaintiff s mortgage,1
112,p v damodara reddi d duraiswami nayudu apply share indian national agency limit application consider director meet allot two share each however eight month later director resolve cancel allotment applicant seek rectification register reinsert name contend removal illegal company argue allotment void article 5 article association lack consent general meeting,1
113,appeal originate judgment subordinate judge masulipatam dismiss o s no 65 1942 plaintiff trustee sri vuddandaraya venugopalaswami varu temple sue eject defendant 1 2 4 certain property declare temple property plaintiffs argue property belong temple defendant 1 2 claim archaka service inams right acquire usage custom subordinate judge find grant property temple defendant long possession conclude archakas dispossess long carried temple service however also find suit bar limitation plaintiff appeal,1
114,case appellant owner house madras lease respondent month to month basis respondent fail pay rent july 1947 lead appellant file eviction application section 7 madras act xv 1946 rent controller order eviction without consider lack notice quit section 111 h transfer property act respondent appeal court small cause upheld eviction subsequently respondent file suit high court challenge order rent controller argue lack notice quit two main point raise whether notice quit necessary whether high court jurisdiction entertain suit,1
115,case involve appeal arise action file respondent fatal accident act 1855 appellant company operate bus service accident occur one appellant s bus collide puliampatti result injury passenger death rajaratnam respondent include rajaratnam s family member seek compensation pecuniary loss estate loss due death allege negligence part bus driver defendant contest claim deny negligence attribute accident sudden failure bolt subordinate judge find defendant liable negligence award compensation plaintiff defendant appeal raise two main point whether accident due driver s negligence extent damage payable plaintiff fact reveal accident occur driver change bus collide stone tree rajaratnam throw bus later die hospital medical certificate die declaration present evidence,0
116,assessee dealer groundnut operate decorticate mill dealer entrust groundnut process assessee provide advance dealer charge interest processing assessee sell good behalf dealer deduct advance interest processing charge pay balance dealer question arose whether amount receive included assessee s turnover tax purpose tribunal hold since transaction involve purchase groundnut assessee include turnover decision deem correct transaction constitute taxable turnover assessee,1
117,petitioner manage partner firm own factory contest enforcement employee provident fund act them argue worker engage manufacture bed sheet towel hand loom employ within act s definition worker engage piecework basis fix hour consider casual laborer dispute center whether worker qualify employee act despite adjudication section 19 a act court examine nature relationship firm worker apply principle master servant relationship contract service court conclude demand stayed pending decision whether factory qualify per section 1 3 act,1
118,dr ravindra kumar singh also know dr rabindra kumar singh appeal conviction various section indian penal code prevention corruption act seek suspension sentence release bail cite age 74 year health issue appellant already serve 28 month production warrant consider six month otherwise defense argue leniency base appellant s ailment support medical document cbi oppose leniency dispute appellant s health condition consider time serve medical evidence precedent court grant bail bail bond rs 25 000 condition,1
119,nathulal lalji meghji patel file regular bail application section 439 code criminal procedure connection fir register dakor police station kheda charge include offense prohibition act various section indian penal code applicant arrest 12 07 2023 jail since then defense argue applicant implicate base solely statement co accuse investigation complete prosecution oppose bail cite gravity offense hear side consider circumstance court grant bail applicant,1
120,applicant file anticipatory bail application section 438 code criminal procedure seek protection arrest connection fir register sector 7 police station district gandhinagar charge applicant include offense various section indian penal code relate forgery cheat competitive examination defense argue applicant active role offense willing cooperate investigation however prosecution oppose bail cite seriousness charge applicant s allege abscond status since 2016 hear side consider circumstance court dismiss bail application,0
121,applicant file anticipatory bail application section 438 code criminal procedure seek protection arrest connection fir register kamrej police station surat rural charge applicant include offense various section indian penal code relate counterfeiting currency note defense argue applicant involved printing fake currency note movie shooting purpose intention circulate them claim applicant cooperate investigation evidence link circulation counterfeit note however prosecution oppose bail cite seriousness charge applicant s allege abscond status evidence suggest involvement large scale conspiracy circulate counterfeit currency,0
122,appellant father decease appeal bail grant respondent no 2 accuse murder wife despite charge section 302 ipc respondent no 2 obtain anticipatory bail later regular bail avoid arrest appellant challenge bail order argue magistrate err grant bail offense punishable death life imprisonment high court dismiss revision without address legal issue supreme court hold magistrate high court s action contrary law set aside bail order permit respondent no 2 apply bail trial court emphasize proper consideration bail serious offense,1
123,prosecutrix accuse appellant harassment include rape time lead fir 2001 section 506 2 ipc 2010 seek add charge section 376 ipc legal proceeding anticipatory bail grant appellant 2013 later cancel high court 2014 appellant challenge cancellation argue undue restriction anticipatory bail consider age allegation cooperation legal proceeding supreme court set aside high court s cancellation anticipatory bail restore bail grant appellant additional session judge 2013 court emphasize importance balance individual liberty interest justice especially consider age allegation appellant s cooperation legal proceeding,1
124,petitioner husband respondent no 2 sweta kiran seek anticipatory bail previous attempt reject session judge high court allegation wife include dowry demand parent threat marry another woman fulfil leading expulsion matrimonial home appellant deny claim assert false accusation the petitioner argue constitutional right timely production magistrate arrest emphasize seriousness authorize detention section 167 cr pc contend arrest meet legal requirement section 41 code magistrate ensure proper justification detention base fact reason material provide arrest officer,1
125,appeal concern o p no 43 1953 mahalingam pillai appellant seek dissolution marriage respondent amsavalli section 5 1 b madras act vi 1919 allege amsavalli leave another man accuse incest sister subsequent violence subordinate judge dismiss mahalingam s petition prompt appeal regard cost defend appeal alimony pendente lite subordinate judge initially direct mahalingam pay r 100 refuse alimony pendente lite due allegation amsavalli however appeal court order mahalingam pay rs 100 defense cost rs 25 per month alimony pendente lite despite financial capacity mahalingam refuse comply order hop amsavalli would withdraw defense,0
126,appeal arises dismissal petition article 226 balakrishna aiyar j concern vanguard fire general insurance co ltd company cease insurance operation follow resolution contest controller insurance s direction investigation deposit demand main argument revolve around whether company remain insurer post resolution court examine relevant section insurance act particularly section 2 9 33 determine applicability term insurer upheld controller s action deem company subject investigation despite resolution,0
127,case involve dispute promissory note relate lorry service partnership defendant argue partnership agreement illegal motor vehicle act render promissory note unenforceable trial court initially rule favor defendant appellate judge reverse decision state promissory note represent legitimate transaction defendant file letter patent appeal dispute legality partnership enforceability promissory note appellate court ultimately side defendant rule partnership illegal promissory note unenforceable,0
128,case involve dispute copyright infringement copyright act 1957 plaintiff firm call united concern allege defendant daily calendar supply bureau copy oil painting lord subramania reproduce sale plaintiff claim ownership copyright picture acquire artist 1947 subsequently print sell copy of defendant contest plaintiff s claim argue depiction lord subramania substantial reproduction plaintiff s paint therefore constitute copyright infringement,1
129,second appeal concern declaration presume death t j bhagat disappear 12 12 1950 heard since father first plaintiff seek declaration defendant life insurance corporation india regard bhagat s death claim insurance policy low court grant decree declare bhagat presume dead shift burden proof defendant however plaintiff argue broad declaration assert bhagat s presume death date disappearance january 1951 fail collect regular allowance,0
130,commonwealth assurance co ltd bombay file appeal order motor accident claim tribunal direct pay rs 15 000 compensation legal representative shamsir khan die lorry accident accident occur due negligent drive lorry driver hire nagarathinam owner vehicle tribunal find accident result negligence dispute appeal however insurance company argue liable compensate shamsir khan s legal representative insurance policy,1
131,case petitioner challenge correctness answer question write exam post law officer question pertain immunity particular schedule constitution judicial review concern violation fundamental right petitioner argue correct answer d none above respondent deem b ninth schedule correct answer petitioner claim answer consider correct so would select base merit court analyze question refer article 31 b constitution provide immunity law include ninth schedule declare null void due violation fundamental right court reason since law include ninth schedule qualifies correct answer question consequently court find merit petitioner s argument dismiss petition,0
132,ennore port limit know kamarajar port limit issued tender common user coal terminal project consortium comprise south india corporation limit portia management service management limited navayuga engineering limited bid form appellant company execute contract dispute arise matter go arbitral tribunal tribunal issue detailed award set aside liquidate damage reject business loss claim order payment road construction cost however reject appellant s claim exemption augmentation charge,0
133,case involve assessee company own tea plantation factory seek development rebate section 33 1 income tax act 1961 company claim rebate machinery instal assessment year 1971 72 use due labor unrest income tax officer initially deny claim cite lack actual use appellate assistant commissioner tribunal rule favor assessee consider machinery s readiness use commissioner challenge decision,1
134,appeal arises motor accident claim file legal representative decease passenger appellant insurance company owner vehicle accident occur car driven owner collide park lorry result death one car s occupants claimant argue deceased traveling owner s business seek compensation insurance company contend deceased gratuitous passenger thus cover insurance policy tribunal award compensation insurance company vehicle owner insurance company appeal solely grounds policy coverage,1
135,writ appeal contest order industrial dispute act petitioner sought quash referral industrial dispute argument revolve around existence demand reinstatement dismiss workman petitioner s refusal evidence suggest dispute via representation discussion court reject petitioner s contention conciliation end note continued involvement conciliation officer dismiss objection raise petitioner find lack merit legally factually,0
136,appellant insurance company contest compensation award motor accident claim case argue driver valid license learner s license make insurance policy void cite court decision support argument however respondent rebuts state onus proof lie insurer regard policy breach reference legal precedent emphasize point appellant argue ineffectiveness learner s license base previous court ruling exonerate insurance company similar case ultimately appeal dismiss,0
137,petitioner cement manufacturer challenge order demand excise duty issue assistant collector central excise allege misdeclaration misstatement fact regard classification product petitioner claim exemption notification product market janatha cem department contend fell different tariff item warrant duty payment petitioner contend extended period issue show cause notice apply collector central excise upheld demand cite misstatement fact despite availability appeal petitioner approach court article 226 constitution court uphold collector s order emphasize petitioner s misrepresentation regard product s classification justify invoke extended period issue notice,0
138,petitioner challenge appointment commissioner part heard case regard eviction tamil nadu building lease rent control act respondent landlord seek appointment inspect property occupy petitioner allege wilful default act waste petitioner opposes argue appointment premature aim collect evidence occur closure evidence petitioner file petition article 227 constitution contend order procedural affect party right,0
139,petitioner include company represent chairman director seek quash complaint c c no 430 2000 file section 138 negotiable instrument act 1881 complaint allege accuse company issue cheque r 4 68 581 dishonor lead file complaint complainant company however petitioner argue complainant receive demand draft rs 2 00 000 towards part payment reduce outstanding amount rs 2 68 581 contend since cheque amount exceed debt owe section 138 act could invoke,1
140,appeal file revenue section 260 a income tax act 1961 challenge decision income tax appellate tribunal madras b bench date july 13 2004 i t a nos 1187 md 1998 case involve m s idhayam publication private limit accepted cash loan rs 2 94 000 m s manian creation sister concern allegedly violate section 269ss act deputy commissioner income tax impose penalty section 271 d violation contest assessee commissioner income tax appeal hold though violation constitutional validity section 269ss challenge base madras high court judgment lead tribunal s decision favor assessee,1
141,petitioner accuse case section 138 negotiable instrument act file petition section 45 indian evidence act request send dispute cheque handwrite expert s opinion petitioner argue signature cheque different ink particular fill in suggest misuse respondent however trial court reject plea state since petitioner admit signature necessity expert opinion key point contention whether section 20 negotiable instrument act apply blank cheque sign drawer whether holder could fill blank cheque whether dispute document could send expert determine age signature ink,0
142,petitioner dealer lubricant purchase good m s classic enterprise fail file return pay tax despite petitioner pay tax m s classic enterprise tax department issue notice reverse input tax credit cite sell dealer s failure assistant commissioner upheld decision rely section 19 1 tnvat act state payment petitioner prove tax payment selling dealer however court find reason irrational arbitrary note section 19 1 allow input tax credit dealer prove tax payment petitioner do section 19 16 applied incorrect claim case tax genuinely pay sell dealer consequently court set aside order allow writ petition,1
143,habeas corpus petition file challenging detention marjith alikhan tamil nadu prevention dangerous activity boot leggers drug offender goondas etc act 1982 petitioner argue detention order quash due delay dispose detenu s representation despite various ground raise petitioner primarily focus delay additional public prosecutor argue petition premature cite supreme court decision however court find delay dispose representation violate constitutional provision safeguard personal liberty cite numerous precedent court set aside detention order order detenu s immediate release unless require another case,1
144,case revolve around property originally belong kandasamy allot family partition 1966 second respondent claim entitlement share property allege ancestral bequeath portion kandasamy however demise kandasamy sell portion petitioner 2007 second respondent enter sale agreement 2013 cast cloud petitioner title petitioner seek cancellation agreement cite circular no 67 withdrawn section 77 a registration act,0
145,appellant injure motor accident claim compensation motor vehicle act 1988 tribunal award sum 14 25 400 included compensation medical expense pain suffering loss earn capacity future medical expense etc high court revise compensation particularly loss earn capacity 19 65 600 consider appellant s disability future prospect however court find assessment loss future earn capacity inadequate increase 4 01 400 interest court upheld compensation award head except loss earning capacity,1
146,case involve challenge selection process physical training instructor pti haryana selection process face allegation irregularity include change criterion favoritism manipulation mark several writ petition file punjab haryana high court challenge selection process high court find merit petitioner argument set aside selection note arbitrariness malpractice selection process case also raise question regard conversion craft vocational c v teacher train graduate teacher tgt applicability relevant rule,1
147,case accuse applicant charge offenses various section indian penal code ipc include allege attempt sexually harass complainant accuse sought pre arrest bail section 438 code criminal procedure 1973 crpc grant bail high court impose condition require accuse visit complainant s house wife tie rakhi band offer sweets money seek blessing condition impose high court challenge,1
148,case involve dispute appellant husband respondent wife get married separate soon due dispute wife file complaint husband family allege harassment dowry result legal proceeding husband file divorce ground cruelty desertion grant family court overturn high court supreme court analyze fact find wife s complaint subsequent legal action cause irreparable harm mental cruelty husband despite lack cohabitation court hold wife s conduct amount cruelty therefore uphold decree divorce grant family court order husband pay permanent alimony wife,1
149,case appellant legally married second respondent file criminal complaint husband the second respondent another woman the first respondent offense include bigamy criminal intimidation complaint allege second respondent marry first respondent still marry appellant religious ceremony perform first respondent s pregnancy high court quash complaint primarily ground appellant fail provide sufficient evidence allege marriage second respondent first respondent however supreme court find appellant s complaint contain specific allegation regard marriage offense question prove allegation would arise trial,1
