Scenario,Law,Similarity
"I purchased a new laptop online, but it arrived with a broken screen. The seller refuses to replace it or refund my money. What can I do?","The Consumer Protection Act, 2019 - Provides consumer rights and redressal mechanisms for faulty products or services.",1
"The old woman died, and the prosecution alleged that the Appellant caused her death through physical assault, leading to fatal chest injuries.","Indian Penal Code (IPC) <br> This primary criminal code of India covers various offenses and their corresponding punishments. Here, relevant sections are: * Murder: Defined as the unlawful killing of another human being with malice aforethought. * Culpable homicide: Killing of another person without lawful justification or excuse and without the intention to cause death. * Causing hurt: Intentionally or recklessly causing hurt to another person.",1
"I recently ordered a new phone online, but when it arrived, it was a cheap knock-off! I contacted the seller, but they won't respond to my emails. I paid through a prepaid card, so I can't get my money back that way. What are my options?","The Information Technology Act, 2000 (Sections 66A & 66D) - Criminalizes the sending of offensive messages through a computer or other communication devices.",1
"My neighbor's tree branches are overhanging onto my property, dropping leaves and debris. Can I cut them back?","The Indian Penal Code (IPC), 1860 (Section 426) - Whoever commits mischief shall be punished with imprisonment of either description for a term which may extend to three months, or with fine, or with both.",0
"So, my neighbor just built a giant fence right up against my property line, blocking most of the sunlight from reaching my garden. It's practically casting a shadow over my entire backyard! I can't even enjoy sitting out there anymore. Plus, his dog constantly barks all night, keeping me awake. Is there anything I can do to make him take down the fence and quiet his dog?","The Indian Easements Act, 1882 (Section 13) Where one person transfers or bequeaths immovable property to another, (a)if an easement in other immovable property of the transferor or testator is necessary for enjoying the subject of the transfer or bequest, the transferee or legatee shall be entitled to such easement;",1
"So, my neighbor just built a giant fence right up against my property line, blocking most of the sunlight from reaching my garden. It's practically casting a shadow over my entire backyard! I can't even enjoy sitting out there anymore. Plus, his dog constantly barks all night, keeping me awake. Is there anything I can do to make him take down the fence and quiet his dog?","The Indian Penal Code (IPC), 1860 (Section 268) A person is guilty of a public nuisance who does any act or is guilty of an illegal omission which causes any common injury, danger or annoyance to the public or to the people in general who dwell or occupy property in the vicinity, or which must necessarily cause injury, obstruction, danger or annoyance to persons who may have occasion to use any public right.",1
"So, my neighbor just built a giant fence right up against my property line, blocking most of the sunlight from reaching my garden. It's practically casting a shadow over my entire backyard! I can't even enjoy sitting out there anymore. Plus, his dog constantly barks all night, keeping me awake. Is there anything I can do to make him take down the fence and quiet his dog?","The Indian Penal Code (IPC), 1860 (Section 441): Whoever enters into or upon property in the possession of another with intent to commit an offence or to intimidate, insult or annoy any person in possession of such property, 
or having lawfully entered into or upon such property, unlawfully remains there with intent thereby to intimidate, insult or annoy any such person, or with intent to commit an offence, 
is said to commit “criminal trespass”.",0
"So, my neighbor just built a giant fence right up against my property line, blocking most of the sunlight from reaching my garden. It's practically casting a shadow over my entire backyard! I can't even enjoy sitting out there anymore. Plus, his dog constantly barks all night, keeping me awake. Is there anything I can do to make him take down the fence and quiet his dog?","The Indian Penal Code (IPC), 1860 (Section 426): Whoever commits mischief shall be punished with imprisonment of either description for a term which may extend to three months, or with fine, or with both.",0
"I recently ordered a new phone online, but when it arrived, it was a cheap knock-off! I contacted the seller, but they won't respond to my emails. I paid through a prepaid card, so I can't get my money back that way. What are my options?","The Information Technology Act, 2000 (Sections 66A & 66D): criminalises the sending of offensive messages through a computer or other communication devices..",1
"I recently ordered a new phone online, but when it arrived, it was a cheap knock-off! I contacted the seller, but they won't respond to my emails. I paid through a prepaid card, so I can't get my money back that way. What are my options?","The Consumer Protection Act, 2019, offers consumer rights and redressal mechanisms for getting a refund or replacement.",1
"After winning a lawsuit against a contractor for non-payment of dues, a homeowner seeks to recover the awarded amount through legal means. The homeowner initiates the process of executing the court's decree, following the procedures outlined in the civil procedure code.","Code of Civil Procedure, 1908 - Governs the procedure for civil cases in India, including the execution of decrees.",1
"""In execution of that decree the Munsif issued a warrant for the attachment of the judgment debtor's property.""","Code of Civil Procedure, 1908 - Specifies the process for executing decrees, including the attachment of property.",1
"""The amin to whom the said warrant was entrusted attached, inter alia, three buffaloes and two cows, which were in the house of the judgment debtor, as his property.""","Electricity Act, 2003 - Specifies norms and standards for energy efficiency and conservation in the electricity sector.",0
"In a rural village in India, a young girl named Savitri, aged 14, is being pressured by her family to marry an older man. Savitri is unsure about the marriage and is seeking advice on her rights and the legal implications of marrying at such a young age.",Child Marriage Restraint Act (1929): This act set minimum legal ages for marriage in India. Its crucial since Savitri's age is potentially under consideration within the scenario.,1
A couple from different religious backgrounds decides to marry under a civil law to have a legally recognized marriage without the need for religious ceremonies. They follow the registration procedures outlined in the act to solemnize their marriage legally.,"Special Marriage Act (1954): Provides a framework for civil marriages in India, including registration procedures. This is directly relevant as they appear to be attempting a legally recognized marriage.",1
A couple from different religious backgrounds decides to marry under a civil law to have a legally recognized marriage without the need for religious ceremonies. They follow the registration procedures outlined in the act to solemnize their marriage legally.,The Information Technology Act (2000): Deals with Information Technology related offenses and electronic transactions. ,0
"A group of villagers in a remote area of India is facing frequent power outages and unreliable electricity supply. They are concerned about the quality of service provided by the local electricity distribution company and are seeking advice on how to improve their access to reliable electricity.




A group of villagers in a remote area of India is facing frequent power outages and unreliable electricity supply. They are concerned about the quality of service provided by the local electricity distribution company and are seeking advice on how to improve their access to reliable electricity.




A group of villagers in a remote area of India is facing frequent power outages and unreliable electricity supply. They are concerned about the quality of service provided by the local electricity distribution company and are seeking advice on how to improve their access to reliable electricity.




","Electricity Act, 2003 - Governs the generation, transmission, distribution, and trading of electricity in India.",1
A construction company in India is planning to build a new factory and is interested in setting up its own electricity generation unit. They are seeking guidance on the legal requirements and procedures,"Electricity Act, 2003 - Specifies norms and standards for energy efficiency and conservation in the electricity sector.",1
"In a rural village in India, a young girl named Savitri, aged 14, is being pressured by her family to marry an older man. Savitri is unsure about the marriage and is seeking advice on her rights and the legal implications of marrying at such a young age.","The Narcotic Drugs and Psychotropic Substances Act (1985): Regulates the production, possession, sale, consumption, and import/export of narcotic drugs and psychotropic substances. This law was enacted much later than the scenario (1960) and is not applicable.",0
"A man enters a shop and steals a valuable item, intending to sell it for profit. He is caught on CCTV camera and identified by the shop owner.","Indian Penal Code (1860), Sections related to Theft (e.g., Section 378): This defines the offense of theft in India, which could apply if the meter tampering is done with the intent to dishonestly use the electricity without proper payment.",1
"A businessman approaches a bank for a loan and provides forged documents showing inflated assets to secure a higher loan amount. The bank, unaware of the forgery, approves the loan based on the false information. ","Indian Penal Code (1860): This act defines various criminal offenses, including: * Section 420 (Cheating): Covers acts of deceiving and inducing someone to deliver property or any valuable thing. * Section 465 (Forgery): Defines and penalizes forging of documents and using them as genuine. * Section 467 (Forgery of valuable security): Specifically concerns forging of documents like licenses with intent to use them fraudulently.",1
"In a factory in India, workers are required to work long hours without adequate breaks or safety measures. Several workers have fallen ill due to the unhealthy working conditions, and some have even been injured due to lack of safety equipment. ","Factories Act, 1948: This act regulates the working conditions in factories in India. It covers aspects such as health, safety, welfare, working hours, and leave policies for workers in factories.",1
"A group of individuals is found in possession of unlicensed firearms during a routine police check in a rural area. The firearms are discovered to be used for hunting purposes, but the individuals do not have the required licenses.","Arms Act, 1959: This act regulates the possession, use, and sale of firearms and ammunition in India.",1
"In the 1960s, a group of individuals conspires to commit fraud by forging physical documents related to property ownership. They create fake land deeds and sale agreements to deceive buyers into purchasing property that does not belong to them. The fraud is uncovered, and the individuals are charged under the relevant sections of the Indian Penal Code for forgery and cheating.",Information Technology Act (2000): Focuses on Information Technology related offenses and electronic transactions. The scenario predates this law (1959-1961) and doesn't involve electronic means of forgery or communication.,0
"A married couple belonging to the Hindu religion is facing issues in their marriage. The husband has been verbally and emotionally abusing the wife, causing her mental anguish and distress. Despite attempts at reconciliation, the situation does not improve, and the wife decides to seek legal advice. ","Hindu Marriage Act (1955): This act governs various aspects of marriage, separation, and divorce within Hindu communities. Sections related to cruelty and grounds for divorce or separation could be relevant.",1
"""But some time before the date of the complaint the respondent began to ill treat her, with the result that she had to reside with her mother and brother.""",The Protection of Women from Domestic Violence Act (2005): This act defines various forms of domestic abuse and provides mechanisms for a woman to seek protection. It could be a resource if the ill-treatment falls under the Act's definition.,1
"""But some time before the date of the complaint the respondent began to ill treat her, with the result that she had to reside with her mother and brother.""","Indian Contract Act (1872): Defines and governs various types of contracts and related legal principles. This law wouldn't be directly relevant to the scenario as it focuses on contractual agreements and breaches, whereas the scenario deals with marital issues and potential domestic abuse.",0
"In a region experiencing political unrest, a group of individuals organizes protests against the government, demanding political change. The protests turn violent, with the group resorting to arson and vandalism. ","Sections under the Indian Penal Code (1860) related to Waging War against the Government of India (e.g., Section 121), Sedition (e.g., Section 124A), Unlawful Association (e.g., Section 153A): These sections address acts of violence and incitement aimed at disrupting or overthrowing the established government.",1
"I recently ordered a new phone online, but when it arrived, it was a cheap knock-off! I contacted the seller, but they won't respond to my emails. I paid through a prepaid card, so I can't get my money back that way. What are my options?","The Indian Penal Code (IPC), 1860 (Section 406): Punishment for criminal breach of trust. — Whoever commits criminal breach of trust shall be punished with imprisonment of either description for a term which may extend to three years, or with fine, or with both.",0
My boss has been making inappropriate comments to me for months now. He touches me uninvited and makes suggestive jokes. I feel uncomfortable and unsafe at work. What can I do?,"he Sexual Harassment of Women at Workplace (Prevention, Prohibition and Redressal) Act, 2013, offers protection and a complaint mechanism for workplace sexual harassment.",1
My boss has been making inappropriate comments to me for months now. He touches me uninvited and makes suggestive jokes. I feel uncomfortable and unsafe at work. What can I do?,"The Indian Penal Code (IPC), 1860 (Section 354): This section deals with assault or criminal force to woman with intent to outrage her modesty, but the scenario doesn't explicitly mention any physical assault.",0
My boss has been making inappropriate comments to me for months now. He touches me uninvited and makes suggestive jokes. I feel uncomfortable and unsafe at work. What can I do?,"the Industrial Disputes Act, 1947, makes provision for the investigation and settlement of Industrial Disputes, and for certain other purposes. Where as it is expedient to make provision for the investigation and settlement of industrial disputes.",1
"The brakes on my new scooter malfunctioned, causing me to get into an accident. I broke my arm and will need surgery. The company refuses to accept any responsibility, claiming it's a user error. What should I do?","The Sale of Goods Act, 1930, defines a contract wherein the seller of particular goods transfers or agrees to transfer the goods to the buyer for some price. .",1
"The brakes on my new scooter malfunctioned, causing me to get into an accident. I broke my arm and will need surgery. The company refuses to accept any responsibility, claiming it's a user error. What should I do?","The Consumer Protection Act, 2019, offers consumer rights and redressal mechanisms for getting a refund or replacement.",1
"I recently ordered a new phone online, but when it arrived, it was a cheap knock-off! I contacted the seller, but they won't respond to my emails. I paid through a prepaid card, so I can't get my money back that way. What are my options?","The Motor Vehicles Act, 1956 (Section 181): stipulates the kind of licences needed and the prescribed age requirements to apply for them.",0
"The brakes on my new scooter malfunctioned, causing me to get into an accident. I broke my arm and will need surgery. The company refuses to accept any responsibility, claiming it's a user error. What should I do?","Patents Act, 1970: Although primarily concerned with patents, this act also contains provisions related to the protection of intellectual property rights in general, which may be relevant to copyright protection.",0
"My landlord just increased my rent by a significant amount without any prior notice. It's way above the market rate in the area, and I can't afford it. Is there anything I can do?",The Rent Control Act It regulates the rules of letting out a property and ensures that neither the landlords nor the tenants’ rights are exploited by the other.,1
"My landlord just increased my rent by a significant amount without any prior notice. It's way above the market rate in the area, and I can't afford it. Is there anything I can do?","The Indian Evidence Act, 1872: This act deals with the rules for presenting evidence in court,",0
"My landlord just increased my rent by a significant amount without any prior notice. It's way above the market rate in the area, and I can't afford it. Is there anything I can do?","Indian Contract Act, 1872, When one person signifies to another his willingness to do or to abstain from doing anything, with a view to obtaining the assent of that other to such act or abstinence, he said to make a proposal",1
"I wrote a song and posted it online, but then I saw a popular music artist release a song that sounds very similar to mine! They haven't credited me anywhere. Should I be worried?","The Copyright Act, 1957, protects original literary, dramatic, musical and artistic works and cinematograph films and sound recordings from unauthorized uses.",1
"I wrote a song and posted it online, but then I saw a popular music artist release a song that sounds very similar to mine! They haven't credited me anywhere. Should I be worried?","Right of Children to Free and Compulsory Education Act, 2009 (RTE Act): This act provides for free and compulsory education for all children between the ages of 6 and 14 years. It also lays down specific norms and standards relating to pupil-teacher ratios, infrastructure, and curriculum.",0
"Someone posted a negative review about my business online, claiming I provided poor service. The review is completely false and is damaging my reputation. What can I do?","The IPC, 1860 (Section 500) Whoever defames another shall be punished with simple imprisonment for a term which may extend to two years, or with fine, or with both.",1
The entire scenario involved accusations and investigations but no convictions.,Indian Evidence Act - Deals with the rules for presenting evidence in court. (Applicable throughout the scenario),1
Accused had an illicit relationship with the deceased's wife.,"Electricity Act, 2003 - Specifies norms and standards for energy efficiency and conservation in the electricity sector.",0
Accused was chased away by the deceased.,"Wildlife Protection Act, 1972: While primarily concerned with wildlife conservation, this act also includes provisions for the protection of forests and their habitats. It prohibits hunting of specified animals and regulates trade in wildlife and their products.",0
Accused stole a car for repairs.,"IPC Section 379: Theft. Whoever takes any movable property, belonging to another person with the intention of taking it permanently and dishonestly, is guilty of theft.",1
Accused took deceased and another person for a ride.,"National Council of Educational Research and Training (NCERT) Act, 1961: This act establishes the NCERT as an autonomous organization to assist and advise the central and state governments on policies and programs for qualitative improvement in school education.",0
"A man, in a fit of jealousy, confronts his romantic partner over suspicions of infidelity. During the confrontation, the man loses his temper and strikes his partner with a heavy object, resulting in the partner's death. The man's actions were intentional, and he unlawfully caused the death of another person.",IPC Section 302: Murder. Whoever intentionally and unlawfully causes the death of another person.,1
My boss has been making inappropriate comments to me for months now. He touches me uninvited and makes suggestive jokes. I feel uncomfortable and unsafe at work. What can I do?,"The Code of Criminal Procedure, 1973 (CrPC) Section 100: Power of police officer to recover and take possession of property suspected to be connected with an offence.",0
"A financial advisor, entrusted with managing a client's investment portfolio, instead misappropriates the funds for personal use. The advisor, who was in lawful possession of the client's money, dishonestly converts it to their own use. The client discovers the misappropriation and files a complaint.","Indian Penal Code (IPC) Section 405 (Criminal Breach of Trust): Whoever, being in lawful possession of any property, dishonestly misappropriates or converts to his own use that property, shall be punished with imprisonment of either description for a term which may extend to three years, or with fine, or with both.",1
"A financial advisor, entrusted with managing a client's investment portfolio, instead misappropriates the funds for personal use. The advisor, who was in lawful possession of the client's money, dishonestly converts it to their own use. The client discovers the misappropriation and files a complaint.","Indian Trusts Act, 1882: Defines and regulates the creation and administration of trusts in India.",1
The accused failed to account for the funds when demanded,"Scheduled Tribes and Other Traditional Forest Dwellers (Recognition of Forest Rights) Act, 2006: This act recognizes the rights of forest-dwelling communities, including scheduled tribes, to forest land and other resources. It aims to secure the livelihoods of these communities while conserving forests.",0
The accused violated the rules framed by the West Bengal Board of Secondary Education for managing Provident Funds,"The West Bengal Board of Secondary Education Act, 1963: Establishes the West Bengal Board of Secondary Education and empowers it to frame rules for various purposes, including the management of Provident Funds for affiliated schools.",1
The accused misused the funds for personal benefit,"The Juvenile Justice (Care and Protection of Children) Act, 2015: This act deals with the care, protection, and rehabilitation of children in need of care and protection, as well as children in conflict with the law.",0
"A private school in India, with more than 20 employees, fails to comply with the provisions related to employee Provident Funds, resulting in financial losses for its employees. The relevant authorities take action against the school management for not establishing and maintaining a Provident Fund for its employees, ensuring that the employees receive their Provident Fund benefits as per the law.","Employees' Provident Funds and Miscellaneous Provisions Act, 1952: Regulates the establishment and administration of Provident Funds for employees in various sectors, including educational institutions.",0
The respondents were entrusted with Provident Fund Deposits of teachers.,"Indian Penal Code (IPC), Section 405: Criminal breach of trust- Covers criminal breach of trust, which applies as the respondents were entrusted with the money and allegedly misused it.",1
"A group of trustees is appointed to manage a charitable trust that runs a school for underprivileged children. The trustees are responsible for ensuring that the trust's funds are used for the benefit of the children, including providing education, meals, and healthcare. However, the trustees misappropriate the funds for their personal use, neglecting their duties towards the beneficiaries. ","Indian Trusts Act, 1882: Duties of trustees ",1
"A Muslim couple decides to seek a divorce according to Muslim personal law. The husband pronounces talaq (divorce) to his wife three times in one sitting, intending to end the marriage. The wife accepts the talaq, and the marriage is dissolved as per the provisions of the Muslim Personal Law (Shariat) Application Act, 1937, which governs matters of marriage, divorce, and inheritance among Muslims in India.","The Muslim Personal Law (Shariat) Application Act, 1937, is an Indian law that applies to Muslims in India in matters of marriage, divorce, succession, and other personal affairs. It allows Muslims to be governed by their personal law, based on Islamic principles, in these matters.",1
They failed to account for the money when called upon.,"All India Council for Technical Education (AICTE) Act, 1987: This act establishes the AICTE as a statutory body responsible for the planning and coordination of technical education and for the maintenance of standards.",0
The scenario involves misuse of funds for personal benefit.,"Protection of Plant Varieties and Farmers' Rights Act, 2001: While not directly related to arts, this act protects the rights of farmers and plant breeders and encourages the development of new plant varieties, which can be relevant in the context of traditional arts and crafts.",0
The amount involved is less than Rs. 1 lakh.,"The Sexual Harassment of Women at Workplace (Prevention, Prohibition, and Redressal) Act, 2013: This act seeks to prevent and address sexual harassment of women at workplaces and provides a mechanism for redressal of complaints.",0
"On August 25, 1976, a supervisor from the Karnataka Electricity Board found the respondent's meter not recording electricity consumption while lights and fans were on. Further inspection revealed tampering with the main connection to bypass the meter.","The Electricity Act, 2003 (Applicable) <br> This act prohibits theft of electricity, which includes tampering with meters or bypassing them to avoid paying for consumed electricity.",1
A property owner is found to have modified their property tax records to pay lower taxes.,"The Maternity Benefit Act, 1961: This act regulates the employment of women in certain establishments and provides for maternity benefits such as maternity leave and medical benefits.",0
A consumer dispute forum receives a complaint about a faulty washing machine and issues a refund order to the customer.,"The Dowry Prohibition Act, 1961: This act prohibits the giving or taking of dowry and provides for penalties for violations.",0
"A group of villagers protest against the installation of high voltage power lines near their homes, citing safety concerns.","The Indian Constitution, Article 21 (Right to Life) (Applicable) This fundamental right guarantees protection of life and personal liberty. If the power lines pose a genuine safety threat, it could be a violation of this right, making it applicable.",1
A 10-year-old child is sexually abused by a neighbor. The child's parents file a complaint with the police,"The Protection of Children from Sexual Offences (POCSO) Act, 2012, aims to protect children from sexual abuse by defining various forms of sexual offenses against them and prescribing stringent punishments for offenders. It also provides for the establishment of special courts and support services for victims.",1
An individual uses solar panels to generate electricity for their own consumption without informing the electricity board.,"The Personal Data Protection Bill, 2019: While not yet enacted, this bill aims to regulate the collection, storage, and processing of personal data by individuals and entities in India.",0
Robbery and assault on the highway,"IPC Section 392 deals with the offense of robbery and prescribes punishment for the same. According to this section, robbery is defined as the act of committing theft or extortion by using force or the threat of force.",1
"Someone posted a negative review about my business online, claiming I provided poor service. The review is completely false and is damaging my reputation. What can I do?","The Pre-Conception and Pre-Natal Diagnostic Techniques (Prohibition of Sex Selection) Act, 1994: This act prohibits the use of pre-natal diagnostic techniques for sex determination, aiming to prevent female foeticide and promote gender equality.",0
"I signed a contract to cater an event, but a week before the date, there was a major power outage in the area, and my catering equipment wouldn't function. The client is demanding a full refund, but I already bought all the ingredients. What are my options?","The Indian Contract Act, 1872, When a party to a contract promises to do a certain thing at or before a specified time, or certain things at or before specified times, and fails to do any such thing at or before the specified time, the contract, or so much of it as has not been performed, becomes voidable at the option of the promisee, if the intention of the parties was that time should be of the essence of the contract.",1
"I signed a contract to cater an event, but a week before the date, there was a major power outage in the area, and my catering equipment wouldn't function. The client is demanding a full refund, but I already bought all the ingredients. What are my options?","The Consumer Protection Act, 2019, offers consumer rights and redressal mechanisms for getting a refund or replacement.",1
"I signed a contract to cater an event, but a week before the date, there was a major power outage in the area, and my catering equipment wouldn't function. The client is demanding a full refund, but I already bought all the ingredients. What are my options?","The Indian Wildlife Protection Act, 1972: focuses on the protection of wildlife and their habitats. ",0
I believe I'm being discriminated against at work because of my age. My boss keeps making comments about how 'older employees can't keep up' and recently passed me over for a promotion in favor of a younger colleague with less experience. Am I protected by any laws?,"The Age Discrimination in Employment (ADE) Act, 2016, protects individuals aged 40 years and over from discrimination throughout the employment",1
I believe I'm being discriminated against at work because of my age. My boss keeps making comments about how 'older employees can't keep up' and recently passed me over for a promotion in favor of a younger colleague with less experience. Am I protected by any laws?,"The Indian Penal Code (IPC), 1860 (Section 427) Whoever commits mischief and thereby causes loss or damage to the amount of fifty rupees or upwards, shall be punished with imprisonment of either description for a term which may extend to two years, or with fine, or with both.",0
"I was walking through a crowded market when I accidentally bumped into someone. We both apologized, and I continued walking. However, a few minutes later, I realized my wallet was missing from my pocket. I suspect the person I bumped into might have taken it, but I'm not sure. What legal options do I have in this situation?","The Indian Penal Code (IPC), 1860 (Section 379): This section deals with theft, which is defined as taking movable property belonging to another person without their consent and with the intention of depriving them of it permanently.",1
"During a heated argument on a busy street corner, one individual (Person A) pulls out a knife and lunges towards another individual (Person B) with the clear intent to harm them. Witnessing this, several bystanders (Bystanders X, Y, and Z) attempt to intervene and separate them. Person A, in a desperate and aggressive attempt to reach Person B, swings the knife wildly, threatening the bystanders who are trying to de-escalate the situation.",IPC Section 336: Endangering life or personal safety of others,1
"During a heated argument on a busy street corner, one individual (Person A) pulls out a knife and lunges towards another individual (Person B) with the clear intent to harm them. Witnessing this, several bystanders (Bystanders X, Y, and Z) attempt to intervene and separate them. Person A, in a desperate and aggressive attempt to reach Person B, swings the knife wildly, threatening the bystanders who are trying to de-escalate the situation.",IPC Section 307: Attempt to murder,1
"During a heated argument on a busy street corner, one individual (Person A) pulls out a knife and lunges towards another individual (Person B) with the clear intent to harm them. Witnessing this, several bystanders (Bystanders X, Y, and Z) attempt to intervene and separate them. Person A, in a desperate and aggressive attempt to reach Person B, swings the knife wildly, threatening the bystanders who are trying to de-escalate the situation.","Motor Vehicles Act, 1939:  Regulates the use of motor vehicles on Indian roads.",0
"A group of people, including myself, are traveling together on a bus. Two police officers board the bus and take a co-passenger names ramya into custody. While in custody, the officers allegedly rape ramya Later, upon arrival at the post-mortem examination, it is revealed that she had been brutally raped and strangled to death.",IPC Section 363: Punishment for kidnapping,1
"A group of people, including myself, are traveling together on a bus. Two police officers board the bus and take a co-passenger names ramya into custody. While in custody, the officers allegedly rape ramya Later, upon arrival at the post-mortem examination, it is revealed that she had been brutally raped and strangled to death.",IPC Section 376(2)(c): Rape by a police officer within the limits of a police station to which he is appointed,1
"A group of people, including myself, are traveling together on a bus. Two police officers board the bus and take a co-passenger names ramya into custody. While in custody, the officers allegedly rape ramya Later, upon arrival at the post-mortem examination, it is revealed that she had been brutally raped and strangled to death.","Prevention of Corruption Act, 1988: Addresses the prevention of corruption and misconduct by public servants.",1
"My six-year-old daughter, Sakina, went missing on June 22nd, 1983, after being entrusted to our neighbor, [petitioner's name], to fetch ice. When she didn't return after an extensive search, a crowd gathered and found Sakina's lifeless body inside the neighbor's house. An autopsy confirmed she was brutally raped and strangled. What can i do legally ","Indian Penal Code (IPC) Section 376: Punishment for rape. This is the primary law governing rape, including rape of a minor.",1
"My six-year-old daughter, Sakina, went missing on June 22nd, 1983, after being entrusted to our neighbor, [petitioner's name], to fetch ice. When she didn't return after an extensive search, a crowd gathered and found Sakina's lifeless body inside the neighbor's house. An autopsy confirmed she was brutally raped and strangled. What can i do legally ",IPC Section 302: Punishment for murder. The victim was murdered in a brutal manner.,1
"My six-year-old daughter, Sakina, went missing on June 22nd, 1983, after being entrusted to our neighbor, [petitioner's name], to fetch ice. When she didn't return after an extensive search, a crowd gathered and found Sakina's lifeless body inside the neighbor's house. An autopsy confirmed she was brutally raped and strangled. What can i do legally ","IPC Section 201: Causing disappearance of evidence of offence, or giving false information to screen offender.",1
"My six-year-old daughter, Sakina, went missing on June 22nd, 1983, after being entrusted to our neighbor, [petitioner's name], to fetch ice. When she didn't return after an extensive search, a crowd gathered and found Sakina's lifeless body inside the neighbor's house. An autopsy confirmed she was brutally raped and strangled. What can i do legally ",IPC Section 363: Punishment for kidnapping.,1
"My six-year-old daughter, Sakina, went missing on June 22nd, 1983, after being entrusted to our neighbor, [petitioner's name], to fetch ice. When she didn't return after an extensive search, a crowd gathered and found Sakina's lifeless body inside the neighbor's house. An autopsy confirmed she was brutally raped and strangled. What can i do legally ","Protection of Children from Sexual Offences Act (POCSO), 2012: This comprehensive law specifically addresses sexual offenses against children, making offenses like rape and assault of minors especially severe.",1
"My six-year-old daughter, Sakina, went missing on June 22nd, 1983, after being entrusted to our neighbor, [petitioner's name], to fetch ice. When she didn't return after an extensive search, a crowd gathered and found Sakina's lifeless body inside the neighbor's house. An autopsy confirmed she was brutally raped and strangled. What can i do legally ","The Narcotic Drugs and Psychotropic Substances Act, 1985: This act regulates the production, possession, sale, and consumption of narcotic drugs and psychotropic substances. There's no mention of such substances or their connection to the scenario.",0
"My six-year-old daughter, Sakina, went missing on June 22nd, 1983, after being entrusted to our neighbor, [petitioner's name], to fetch ice. When she didn't return after an extensive search, a crowd gathered and found Sakina's lifeless body inside the neighbor's house. An autopsy confirmed she was brutally raped and strangled. What can i do legally ","The Dowry Prohibition Act, 1961: This act prohibits the giving and taking of dowry, which is unconnected to this particular scenario.",0
"My wife, priya, was sitting by the bus window on our journey when someone unexpectedly came from the other side, snatched her gold chain, and fled. She immediately shouted for help, and I jumped off the bus to chase the thief. Luckily, with the assistance of two other passengers, we managed to apprehend him at the Patel Nagar bus stop. We're pressing charges for theft, but I wanted to understand other legal actions also",IPC Section 379: Punishment for theft: This section deals with the act of taking movable property belonging to another person without their consent and with the intention of depriving them of it permanently.,1
"My wife, priya, was sitting by the bus window on our journey when someone unexpectedly came from the other side, snatched her gold chain, and fled. She immediately shouted for help, and I jumped off the bus to chase the thief. Luckily, with the assistance of two other passengers, we managed to apprehend him at the Patel Nagar bus stop. We're pressing charges for theft, but I wanted to understand other legal actions also","The Hindu Marriage Act, 1955: This act governs various aspects of marriage, including grounds for divorce, maintenance rights, and property division in case of divorce. ",0
"My wife, priya, was sitting by the bus window on our journey when someone unexpectedly came from the other side, snatched her gold chain, and fled. She immediately shouted for help, and I jumped off the bus to chase the thief. Luckily, with the assistance of two other passengers, we managed to apprehend him at the Patel Nagar bus stop. We're pressing charges for theft, but I wanted to understand other legal actions also","The Indian Transfer of Property Act, 1882: This act deals with various aspects of property transfers, including sale, gift, mortgage, and lease.",0
"My wife, priya, was sitting by the bus window on our journey when someone unexpectedly came from the other side, snatched her gold chain, and fled. She immediately shouted for help, and I jumped off the bus to chase the thief. Luckily, with the assistance of two other passengers, we managed to apprehend him at the Patel Nagar bus stop. We're pressing charges for theft, but I wanted to understand other legal actions also","IPC Section 34: Acts done by several persons in furtherance of common intention: If evidence suggests the thief acted in collaboration with others (e.g., lookout or getaway driver), this section strengthens the case by establishing a common criminal intent.",1
"My father, Shri Azhar Hussain, organized a cultural event as a Minister in Maharashtra. He invited artists, Raja Murad and Javed Khan, through official letters. However, the prosecution claims these letters were forged, as they lacked his signature. The event went ahead, but later a controversy erupted, leading to a CBI investigation. We're concerned about the accusations of forgery and want to understand the legal implications and how to proceed.","IPC Section 468: Forgery for purpose of cheating - This section deals with forging documents with the intent to deceive someone. In this case, the forged letters could be considered an attempt to deceive the invitees.",1
"My father, Shri Azhar Hussain, organized a cultural event as a Minister in Maharashtra. He invited artists, Raja Murad and Javed Khan, through official letters. However, the prosecution claims these letters were forged, as they lacked his signature. The event went ahead, but later a controversy erupted, leading to a CBI investigation. We're concerned about the accusations of forgery and want to understand the legal implications and how to proceed.","The Food Safety and Standards Act, 2006: This law focuses on ensuring the safety and quality of food products sold in India. It has no bearing on the situation involving forged invitations and a cultural event.",0
"My father, Shri Azhar Hussain, organized a cultural event as a Minister in Maharashtra. He invited artists, Raja Murad and Javed Khan, through official letters. However, the prosecution claims these letters were forged, as they lacked his signature. The event went ahead, but later a controversy erupted, leading to a CBI investigation. We're concerned about the accusations of forgery and want to understand the legal implications and how to proceed.","The Narcotic Drugs and Psychotropic Substances Act, 1985: This act regulates the production, possession, sale, and consumption of narcotic drugs and psychotropic substances. There's no mention of such substances or their connection to the scenario.",0
"My father, Shri Azhar Hussain, organized a cultural event as a Minister in Maharashtra. He invited artists, Raja Murad and Javed Khan, through official letters. However, the prosecution claims these letters were forged, as they lacked his signature. The event went ahead, but later a controversy erupted, leading to a CBI investigation. We're concerned about the accusations of forgery and want to understand the legal implications and how to proceed.","The Indian Stamp Act, 1889: This act deals with the use of revenue stamps on various documents to generate government revenue. While official documents might require stamps in certain situations, the scenario doesn't mention any specific stamp-related issue relevant to the case.",0
"My brothers and I were working at our shop when a group of ten men, including Chhaju Khan and others, attacked us. They specifically targeted my brother, Hotilal, with the intent to kill him, and also assaulted the rest of us, causing injuries. They stole 600 rupees and some documents from the shop, and even damaged the property. We're appealing for justice and want to know what legal options we have against these attackers.","IPC Sections 307: Attempt to Murder, 323, 324, 325, 326: Assault and Grievous Hurt - These sections address the violent assault with intent to cause death and various degrees of physical injury.",1
"My brothers and I were working at our shop when a group of ten men, including Chhaju Khan and others, attacked us. They specifically targeted my brother, Hotilal, with the intent to kill him, and also assaulted the rest of us, causing injuries. They stole 600 rupees and some documents from the shop, and even damaged the property. We're appealing for justice and want to know what legal options we have against these attackers.",IPC Section 392: Robbery - This section criminalizes the theft of property along with the use of force or the threat of force.,1
"My brothers and I were working at our shop when a group of ten men, including Chhaju Khan and others, attacked us. They specifically targeted my brother, Hotilal, with the intent to kill him, and also assaulted the rest of us, causing injuries. They stole 600 rupees and some documents from the shop, and even damaged the property. We're appealing for justice and want to know what legal options we have against these attackers.","The Foreign Marriage Act, 1969: This act governs marriages between Indian citizens and foreign nationals. It has no connection to the described events of assault and theft within the country.",0
"Someone posted a negative review about my business online, claiming I provided poor service. The review is completely false and is damaging my reputation. What can I do?","The Copyright Act, 1957: This act protects the rights of creators of original works like literature, music, and software. The scenario doesn't involve any creative work being stolen or infringed upon, making this law irrelevant.",0
"I recently discovered that my ex-partner, whom I believed to be single, has been married this entire time! They never disclosed this during our relationship. Not only did they lie about their marital status, but I also suspect they forged documents to hide their existing marriage. I'm feeling hurt, betrayed, and confused. What legal options do I have in this situation?","Indian Penal Code (IPC) - Section 120B (Criminal Conspiracy): This section covers conspiracy to commit an offense. If the individuals conspired to circumvent the Ordinance by making false statements, this section could apply.",1
"I recently discovered that my ex-partner, whom I believed to be single, has been married this entire time! They never disclosed this during our relationship. Not only did they lie about their marital status, but I also suspect they forged documents to hide their existing marriage. I'm feeling hurt, betrayed, and confused. What legal options do I have in this situation?",IPC - Sections 420 (Cheating) & 467 (Forgery of valuable security): Making false claims to secure money (exchange of banknotes) could fall under cheating. Forging records or other documentation to support these claims could constitute forgery.,1
"I recently discovered that my ex-partner, whom I believed to be single, has been married this entire time! They never disclosed this during our relationship. Not only did they lie about their marital status, but I also suspect they forged documents to hide their existing marriage. I'm feeling hurt, betrayed, and confused. What legal options do I have in this situation?","The Consumer Protection Act (2019): This act aims to protect consumer rights and interests. It wouldn't be directly applicable here as the scenario focuses on a potential attempt to bypass demonetization regulations and alleged forgery, not relating to consumer transactions.",0
"I recently discovered that my ex-partner, whom I believed to be single, has been married this entire time! They never disclosed this during our relationship. Not only did they lie about their marital status, but I also suspect they forged documents to hide their existing marriage. I'm feeling hurt, betrayed, and confused. What legal options do I have in this situation?","Indian Penal Code (IPC) - Section 494 (Bigamy): This section criminalizes marrying again while a previous spouse is still living. As the scenario describes the appellant marrying a second time without divorcing his first wife, this section would be directly applicable.",1
"I recently discovered that my ex-partner, whom I believed to be single, has been married this entire time! They never disclosed this during our relationship. Not only did they lie about their marital status, but I also suspect they forged documents to hide their existing marriage. I'm feeling hurt, betrayed, and confused. What legal options do I have in this situation?","IPC - Section 109 (Abetment): This section outlines punishment for those who abet the commission of a crime. In this case, if the second wife (Vishna Devi) knowingly participated in the bigamous marriage, she could be considered an abettor.",1
"I recently discovered that my ex-partner, whom I believed to be single, has been married this entire time! They never disclosed this during our relationship. Not only did they lie about their marital status, but I also suspect they forged documents to hide their existing marriage. I'm feeling hurt, betrayed, and confused. What legal options do I have in this situation?","The Wildlife (Protection) Act, 1972: This act focuses on the protection of wild animals and plants, the establishment of sanctuaries and national parks, and regulations on hunting and trade of wildlife. It has absolutely no relevance to the scenario of bigamy and abetment.",0
"I recently hired a contractor to renovate my kitchen. We signed a contract outlining the work to be done and the agreed-upon price. However, during the project, the contractor started requesting additional funds for unexpected materials and changes. I hesitantly agreed, trusting their expertise. Upon completion, I discovered the work quality was poor, and some of the promised materials seem to be missing. I suspect the contractor might have inflated costs or used subpar materials. What legal options do I have in this situation?","Indian Contract Act, 1872 - Specifies the requirements for a valid contract, including payment terms.",1
"I recently hired a contractor to renovate my kitchen. We signed a contract outlining the work to be done and the agreed-upon price. However, during the project, the contractor started requesting additional funds for unexpected materials and changes. I hesitantly agreed, trusting their expertise. Upon completion, I discovered the work quality was poor, and some of the promised materials seem to be missing. I suspect the contractor might have inflated costs or used subpar materials. What legal options do I have in this situation?","Indian Penal Code (IPC): Sections on cheating (420), criminal breach of trust (406), or potentially criminal conspiracy (120B). Applicability depends on establishing intent to defraud.",1
"I recently hired a contractor to renovate my kitchen. We signed a contract outlining the work to be done and the agreed-upon price. However, during the project, the contractor started requesting additional funds for unexpected materials and changes. I hesitantly agreed, trusting their expertise. Upon completion, I discovered the work quality was poor, and some of the promised materials seem to be missing. I suspect the contractor might have inflated costs or used subpar materials. What legal options do I have in this situation?","Indian Evidence Act, 1872: Deals with the burden of proof and how evidence is presented in court. Will be relevant in determining who needs to prove the transaction's details.",1
"I recently hired a contractor to renovate my kitchen. We signed a contract outlining the work to be done and the agreed-upon price. However, during the project, the contractor started requesting additional funds for unexpected materials and changes. I hesitantly agreed, trusting their expertise. Upon completion, I discovered the work quality was poor, and some of the promised materials seem to be missing. I suspect the contractor might have inflated costs or used subpar materials. What legal options do I have in this situation?",The Information Technology Act (2000): This Act focuses on offenses related to computers and electronic communication. The scenario deals with a property transaction and doesn't involve electronic elements.,0
"I recently hired a contractor to renovate my kitchen. We signed a contract outlining the work to be done and the agreed-upon price. However, during the project, the contractor started requesting additional funds for unexpected materials and changes. I hesitantly agreed, trusting their expertise. Upon completion, I discovered the work quality was poor, and some of the promised materials seem to be missing. I suspect the contractor might have inflated costs or used subpar materials. What legal options do I have in this situation?",The Hindu Marriage Act (1955): This Act governs various aspects of marriage within Hindu communities. It has no relevance to the property dispute between individuals.,0
"My neighbor and his visitor had an argument earlier today that unfortunately escalated. In the heat of the moment, they attacked them shoving him to the ground (Section 323). They then grabbed a metal pipe and struck him on the arm, causing a deep gash. I'm shaken and the visitor injured, and I'm here to understand what legal action he can take against them for this assault.",Indian Penal Code (IPC) Section 302: Murder - This is the primary law addressing murder in India. It defines murder as the intentional causing of death with the knowledge that the act is likely to cause death.,1
"My neighbor and his visitor had an argument earlier today that unfortunately escalated. In the heat of the moment, they attacked them shoving him to the ground (Section 323). They then grabbed a metal pipe and struck him on the arm, causing a deep gash. I'm shaken and the visitor injured, and I'm here to understand what legal action he can take against them for this assault.","IPC Sections 323, 324, 325, 326: Assault and Grievous Hurt - These sections cover various degrees of physical assault, ranging from voluntarily causing hurt to causing grievous hurt with dangerous weapons.",1
"My neighbor and his visitor had an argument earlier today that unfortunately escalated. In the heat of the moment, they attacked them shoving him to the ground (Section 323). They then grabbed a metal pipe and struck him on the arm, causing a deep gash. I'm shaken and the visitor injured, and I'm here to understand what legal action he can take against them for this assault.","The Wildlife Protection Act, 1972: This law focuses on protecting and conserving wildlife in India. It's completely irrelevant to the scenario involving assault and murder.",0
"My neighbor and his visitor had an argument earlier today that unfortunately escalated. In the heat of the moment, they attacked them shoving him to the ground (Section 323). They then grabbed a metal pipe and struck him on the arm, causing a deep gash. I'm shaken and the visitor injured, and I'm here to understand what legal action he can take against them for this assault.","The Information Technology Act, 2000: This act primarily deals with regulations concerning cyberspace and electronic information. It doesn't hold any relevance to the physical altercation described.",0
"""...accused No. 1 ran up from behind and gave a blow with an axe... Accused No. 2 was armed with a spear and the accused No. 3 with a Dharia... started giving blows to Falji""","IPC Sections 324, 326: Assault with Dangerous Weapons - These sections address the use of weapons like axes, spears, and Dharias to cause serious injuries.",1
"""Accused No. 1 ran up from behind and gave a blow with an axe to Falji on the left leg from behind... All the three accused started giving blows to Falji... Falji died on the spot.""","The Representation of the People Act, 1950: This act governs the conduct of elections in India, including voter registration and election campaigns. It holds no relevance to the violent incident described.",0
"""...accused No. 1 ran up from behind and gave a blow with an axe... Accused No. 2 was armed with a spear and the accused No. 3 with a Dharia... started giving blows to Falji""","The Indian Forest Act, 1927: This act primarily deals with the conservation and management of forests and forestry activities. It doesn't connect to the assault and theft in the scenario.",0
The State Government of Uttar Pradesh ordered the forfeiture of the book 'Ramayan: A True Reading' by Periyar EVR.,"Constitution of India, Article 19(1)(a): Freedom of speech and expression",1
"The government claims the book is ""sacrilegiously, outrageously objectionable"" and intended to ""outrage the religious feelings"" of Hindus.","Indian Penal Code (IPC) Section 295A: Punishment for deliberate and malicious acts intended to outrage religious feelings of any class by words, either spoken or written, or by signs or by visible representations or otherwise.",1
The government claims the book insults Hindu deities and religious beliefs.,"IPC Section 298: Uttering words, etc., with deliberate intent to wound the religious feelings of any person (or class).",0
"The book is said to contain ""scandalizing"" material.","The Public Order and Decency Act, 1860: Powers to take action against obscene publications",0
"On the night between August 19 and 20, 1967, a dacoity is said to have been committed in the house of one Bahar Husain in village Mian Ganj.",Indian Penal Code (IPC) Section 391: Punishment for dacoity,1
The report contains a detailed description of the articles alleged to have been looted.,IPC Section 411: Dishonestly receiving stolen property,0
"On the night between August 19 and 20, 1967, a dacoity is said to have been committed in the house of one Bahar Husain in village Mian Ganj.",IPC Section 457: Lurking house-trespass or house-breaking by night,1
The report contains a detailed description of the articles alleged to have been looted.,IPC Section 109: Abetment of offence if the act abetted is committed in consequence of the abetment,0
P1 was accused of misappropriating articles seized in connection with excise offences.,"The Excise Act, 1949: Regulates the production, storage, distribution, and sale of alcohol and other intoxicants.",1
"These articles included opium, bottles of liquor etc.","The Narcotic Drugs and Psychotropic Substances Act, 1985 (NDPS Act): Prohibits the production, cultivation, possession, sale, consumption, and import/export of narcotic drugs and psychotropic substances. (1)",1
"A sum of Rs. 9,284-1-0 was recovered from his house, said to be disproportionate to his income.","The Prevention of Corruption Act, 1988: Aims to prevent corruption by public servants.",1
P1 was alleged to have conspired with two other people.,Indian Penal Code (IPC) Section 120A: Punishment for criminal conspiracy to commit an offence punishable by law. (1),1
The prosecution charged P1 with dishonest misappropriation.,IPC Section 409: Criminal breach of trust by public servant,1
The prosecution charged P1 with dishonest misappropriation.,"IPC Section 427: Mischief causing damage to property. This section applies to acts causing damage to property, and is not relevant to the specific charge of dishonest misappropriation by a public servant.",0
P1 was alleged to have conspired with two other people.,"PC Section 268: Public nuisance.	This section addresses acts that annoy, inconvenience, or endanger the public, and doesn't apply to criminal conspiracy for specific offenses like misappropriation.",0
"I was at a friend's party last night, and I had a bit too much to drink. On my way home, a police officer stopped me because I was singing loudly and maybe stumbled a little. They arrested me for public intoxication. Is this fair?","The Indian Penal Code (IPC), 1860 (Section 290) Punishment for public nuisance in cases not otherwise provided for. Whoever commits a public nuisance in any case not otherwise punishable by this Code, shall be punished with fine which may extend to two hundred rupees.",1
"I was at a friend's party last night, and I had a bit too much to drink. On my way home, a police officer stopped me because I was singing loudly and maybe stumbled a little. They arrested me for public intoxication. Is this fair?","The IPC (Section 42) When any person who, in the presence of a police officer, has committed or has been accused of committing a non-cognizable offence refuses, on demand of such officer, to give his name and residence or gives a name or residence which such officer has reason to believe to be false, he may be arrested by such officer",0
"I recently underwent surgery, and something went wrong during the procedure. I have lasting complications, and I believe the doctor made a mistake. Can I take legal action?","The Consumer Protection Act, 2019, offers consumer rights and redressal mechanisms for getting a refund or replacement.",1
"I recently underwent surgery, and something went wrong during the procedure. I have lasting complications, and I believe the doctor made a mistake. Can I take legal action?","Indian Contract Act, 1872, When one person signifies to another his willingness to do or to abstain from doing anything, with a view to obtaining the assent of that other to such act or abstinence, he said to make a proposal",0
P3 was injured and became unconscious.,IPC Section 326: Punishment for voluntarily causing grievous hurt by dangerous weapons or means,1
An FIR (First Information Report) was lodged at the police station.,"Code of Criminal Procedure, 1973: Defines the procedure for reporting cognizable offenses to the police.",0
The marriage was to be solemnized in village Janephal.,"The Hindu Marriage Act, 1955: Governs the registration, solemnization, and voiding of Hindu marriages.",0
Ram Kishan and his wife Prabhawati's son Hem Chand died in an accident.,"The Fatal Accidents Act, 1956: Provides compensation to dependents of those who die due to accidents caused by others. (",1
The accident involved bus UTB-109 belonging to U.P. State Roadways Transport Corporation.,"The Motor Vehicles Act, 1988: Regulates road transport and lays down rules for drivers and vehicles",1
Ram Kishan stated he was deeply bereaved and not in his senses due to the accident.,The Indian Penal Code (IPC) Section 304A: Causing death by negligence. ,1
Accused is charged with bigamy (second marriage).,The Indian Penal Code (IPC) Section 494: Punishment for marrying again during the lifetime of husband or wife. ,1
"The prosecution could not prove ""Sapatpadi"" (taking seven steps) as evidence of the second marriage.","The Hindu Marriage Act, 1955: Lays down the conditions for a valid Hindu marriage. While not explicitly mentioning ""Sapatpadi,"" it outlines specific requirements for a Hindu marriage ceremony. ",0
The defense argues that eyewitness accounts are sufficient proof of marriage.,"The Indian Evidence Act, 1872: Defines the rules for presenting evidence in court.",1
"I hired a plumber to fix a leak in my bathroom, but they made it worse. Can I sue them for damages?","The Motor Vehicles Act, 1956 (Section 181): While this act covers driving under the influence and related offenses, it wouldn't apply in this scenario where the accident was due to a product defect, not driver negligence",0
The accused demolished a wall and door of the house.,The Indian Penal Code (IPC) Section 427: Mischief causing damage to property. This section applies to acts causing damage to another person's property without lawful excuse.,1
The accused abused and attacked Bhanan Singh and others.,IPC Section 304A: Causing death by negligence.,0
